IdFanModel,Model,Voltage,Frequency,Giri,PotenzaAssorbita,CorrenteAssorbita,Xmin,Xmax,Coeff1,Coeff2,Coeff3,Coeff4,Coeff5,PotenzaSonora,PressioneSonora
1,"FB035-4E_.2C._P",230,50,1390,160,0.75,1812.15,2626.71,0,0,0,0,0,0,0
2,"FB035-4E_.2C._P",160,50,1250,105,0.68,1590.76,2455.44,0,0,0,0,0,0,0
3,"FB035-4E_.2C._P",130,50,930,80,0.68,1177.22,2083.67,0,0,0,0,0,0,0
4,"FB035-4E_.2C._P",105,50,660,54,0.58,858.23,1412.66,0,0,0,0,0,0,0
5,"FB035-4E_.2C._S",230,50,1350,185,0.84,2187.69,2859.41,0,0,0,0,0,0,0
6,"FB035-4E_.2C._S",160,50,1050,120,0.8,1704.17,2376.65,0,0,0,0,0,0,0
7,"FB035-4E_.2C._S",130,50,730,82,0.7,1217.2,1637.49,0,0,0,0,0,0,0
8,"FB035-4E_.2C._S",105,50,520,52,0.58,870.33,1150.61,0,0,0,0,0,0,0
9,"FB035-6E_.2C._S",230,50,920,80,0.4,1499.18,1935.75,0,0,0,0,0,0,0
10,"FB035-6E_.2C._S",160,50,850,54,0.36,1341.77,1789.27,0,0,0,0,0,0,0
11,"FB035-6E_.2C._S",130,50,660,45,0.39,1082.51,1479.27,0,0,0,0,0,0,0
12,"FB035-6E_.2C._S",105,50,440,32,0.35,678.75,958.8099999999999,0,0,0,0,0,0,0
13,"FB040-4E_.2F._P",230,50,1370,230,0.115,2721.01,3775.65,0,0,0,0,0,0,0
14,"FB040-4E_.2F._P",160,50,1050,165,0.12,2073.8,3339.49,0,0,0,0,0,0,0
15,"FB040-4E_.2F._P",130,50,720,115,0.105,1392.24,2281.06,0,0,0,0,0,0,0
16,"FB040-4E_.2F._P",105,50,520,73,0.7,997.35,1559.94,0,0,0,0,0,0,0
17,"FB040-4E_.2F._S",230,50,1320,280,0.135,2870.86,4040.14,0,0,0,0,0,0,0
18,"FB040-4E_.2F._S",160,50,800,190,0.14,1770.13,2687.61,0,0,0,0,0,0,0
19,"FB040-4E_.2F._S",130,50,570,120,0.115,1216.99,1794.07,0,0,0,0,0,0,0
20,"FB040-4E_.2F._S",105,50,430,75,0.1,993.6,1384.53,0,0,0,0,0,0,0
21,"FB040-6E_.2C._P",230,50,920,100,0.44,1820.63,2550,0,0,0,0,0,0,0
22,"FB040-6E_.2C._P",160,50,810,65,0.42,1565.1,2352.04,0,0,0,0,0,0,0
23,"FB040-6E_.2C._P",130,50,560,51,0.43,1107.99,1798.43,0,0,0,0,0,0,0
24,"FB040-6E_.2C._P",105,50,390,35,0.37,788.23,1216.29,0,0,0,0,0,0,0
25,"FB040-6E_.2C._S",230,50,900,110,0.48,1996.75,2725.89,0,0,0,0,0,0,0
26,"FB040-6E_.2C._S",160,50,690,72,0.48,1492.33,2171.33,0,0,0,0,0,0,0
27,"FB040-6E_.2C._S",130,50,420,53,0.43,1033.99,1469.52,0,0,0,0,0,0,0
28,"FB040-6E_.2C._S",105,50,340,33,0.35,709.3099999999999,992.33,0,0,0,0,0,0,0
29,"FB050-4E_.4F._L",230,50,1300,490,0.22,4514.38,6611.51,0,0,0,0,0,0,0
30,"FB050-4E_.4F._L",160,50,1060,350,0.23,3616.82,5885.67,0,0,0,0,0,0,0
31,"FB050-4E_.4F._L",130,50,810,270,0.22,2834.64,5121.16,0,0,0,0,0,0,0
32,"FB050-4E_.4F._L",105,50,610,190,0.19,2071.23,3872.73,0,0,0,0,0,0,0
33,"FB050-4E_.4I._P",230,50,1240,540,0.24,4734.78,7098.43,0,0,0,0,0,0,0
34,"FB050-4E_.4I._P",160,50,960,380,0.25,3674.85,5879.51,0,0,0,0,0,0,0
35,"FB050-4E_.4I._P",130,50,750,280,0.23,2879.9,4755.98,0,0,0,0,0,0,0
36,"FB050-4E_.4I._P",105,50,580,200,0.2,2148.55,3653.65,0,0,0,0,0,0,0
37,"FB050-6E_.4C._L",230,50,880,175,0.83,2995.78,4435.4,0,0,0,0,0,0,0
38,"FB050-6E_.4C._L",160,50,630,125,0.85,2078.31,3903.07,0,0,0,0,0,0,0
39,"FB050-6E_.4C._L",130,50,420,85,0.76,1493.2,2854.55,0,0,0,0,0,0,0
40,"FB050-6E_.4C._L",105,50,320,56,0.62,1058.12,1935.08,0,0,0,0,0,0,0
41,"FB050-6E_.4F._P",230,50,910,230,0.105,3558.92,5130.73,0,0,0,0,0,0,0
42,"FB050-6E_.4F._P",160,50,740,170,0.115,2818.11,4602.5,0,0,0,0,0,0,0
43,"FB050-6E_.4F._P",130,50,490,125,0.11,1993.56,3455.85,0,0,0,0,0,0,0
44,"FB050-6E_.4F._P",105,50,370,83,0.9,1491.1,2367.18,0,0,0,0,0,0,0
45,"FB050-6E_.4F._S",230,50,880,270,0.12,3846.08,5373.91,0,0,0,0,0,0,0
46,"FB050-6E_.4F._S",160,50,570,190,0.13,2505.01,4045.12,0,0,0,0,0,0,0
47,"FB050-6E_.4F._S",130,50,410,130,0.11,1753.11,2747.54,0,0,0,0,0,0,0
48,"FB050-6E_.4F._S",105,50,280,83,0.91,1247.04,1930.06,0,0,0,0,0,0,0
49,"FB050-8E_.4C._P",230,50,680,125,0.58,2627.26,3776.68,0,0,0,0,0,0,0
50,"FB050-8E_.4C._P",160,50,560,81,0.55,2167.49,3382.59,0,0,0,0,0,0,0
51,"FB050-8E_.4C._P",130,50,420,60,0.51,1617.41,2775.04,0,0,0,0,0,0,0
52,"FB050-8E_.4C._P",105,50,310,41,0.44,1174.06,1962.23,0,0,0,0,0,0,0
53,"FB056-6E_.4F._L",230,50,890,260,0.115,4189.14,6099.78,0,0,0,0,0,0,0
54,"FB056-6E_.4F._L",160,50,610,185,0.125,2996.16,5354.17,0,0,0,0,0,0,0
55,"FB056-6E_.4F._L",130,50,440,125,0.11,1989.58,3853.62,0,0,0,0,0,0,0
56,"FB056-6E_.4F._L",105,50,330,83,0.9,1579.5,2716.56,0,0,0,0,0,0,0
57,"FB056-6E_.4I._P",230,50,910,350,0.16,5000.12,7087.65,0,0,0,0,0,0,0
58,"FB056-6E_.4I._P",160,50,730,280,0.19,3955.35,6262.31,0,0,0,0,0,0,0
59,"FB056-6E_.4I._P",130,50,550,210,0.19,2772.64,4879.6,0,0,0,0,0,0,0
60,"FB056-6E_.4I._P",105,50,380,145,0.155,1966.56,3453.98,0,0,0,0,0,0,0
61,"FB056-8E_.4F._P",230,50,680,200,0.1,3562.07,5111.75,0,0,0,0,0,0,0
62,"FB056-8E_.4F._P",160,50,510,130,0.9399999999999999,2855.12,4480.15,0,0,0,0,0,0,0
63,"FB056-8E_.4F._P",130,50,410,94,0.83,2176.9,3631.47,0,0,0,0,0,0,0
64,"FB056-8E_.4F._P",105,50,310,62,0.7,1616.29,2694.02,0,0,0,0,0,0,0
65,"FB063-4D_.4M._L",400,50,1300,1100,0.22,7775.78,12541.83,0,0,0,0,0,0,0
66,"FB063-4D_.4M._L",230,50,910,650,0.21,5465.71,10076.21,0,0,0,0,0,0,0
67,"FB063-4D_.4M._L",180,50,730,450,0.19,4550.37,8252.93,0,0,0,0,0,0,0
68,"FB063-4D_.4M._L",140,50,570,280,0.6,3532.71,6533.17,0,0,0,0,0,0,0
69,"FB063-6E_.4I._L",230,50,930,490,0.22,6220.09,8885.219999999999,0,0,0,0,0,0,0
70,"FB063-6E_.4I._L",160,50,800,370,0.24,5288,8327.85,0,0,0,0,0,0,0
71,"FB063-6E_.4I._L",130,50,610,290,0.24,4127.02,7295.06,0,0,0,0,0,0,0
72,"FB063-6E_.4I._L",105,50,450,200,0.21,2932.08,5475.34,0,0,0,0,0,0,0
73,"FB063-6E_.4I._P",230,50,900,590,0.27,7005.82,10084.28,0,0,0,0,0,0,0
74,"FB063-6E_.4I._P",160,50,670,450,0.3,5042.24,8507.709999999999,0,0,0,0,0,0,0
75,"FB063-6E_.4I._P",130,50,490,320,0.27,3749.46,6373.76,0,0,0,0,0,0,0
76,"FB063-6E_.4I._P",105,50,370,210,0.23,2999.32,4574.23,0,0,0,0,0,0,0
77,"FB063-8E_.4F._L",230,50,620,230,0.11,4250,6355.26,0,0,0,0,0,0,0
78,"FB063-8E_.4F._L",160,50,430,130,0.9399999999999999,2986.84,5144.74,0,0,0,0,0,0,0
79,"FB063-8E_.4F._L",130,50,330,90,0.8100000000000001,2263.16,3907.89,0,0,0,0,0,0,0
80,"FB063-8E_.4F._L",105,50,250,60,0.67,1851.26,2901.6,0,0,0,0,0,0,0
81,"FB063-8E_.4I._P",230,50,640,290,0.15,5013.56,7315.26,0,0,0,0,0,0,0
82,"FB063-8E_.4I._P",160,50,450,190,0.14,3563.35,5653.07,0,0,0,0,0,0,0
83,"FB063-8E_.4I._P",130,50,330,135,0.125,2511.97,4144.98,0,0,0,0,0,0,0
84,"FB063-8E_.4I._P",105,50,250,87,0.105,1982.76,3068.29,0,0,0,0,0,0,0
85,"FB063-8E_.4I._S",230,50,620,340,0.16,5518.81,7565.88,0,0,0,0,0,0,0
86,"FB063-8E_.4I._S",160,50,430,210,0.145,3976.86,5678.32,0,0,0,0,0,0,0
87,"FB063-8E_.4I._S",130,50,340,145,0.13,2979.9,4242.71,0,0,0,0,0,0,0
88,"FB063-8E_.4I._S",105,50,250,92,0.105,2368.44,3179.29,0,0,0,0,0,0,0
89,"FC031-2E_.3F._",230,50,2650,470,0.21,2502.1,3802.6,0,0,0,0,0,0,0
90,"FC031-2E_.3F._",160,50,1700,380,0.25,1608.63,2859.49,0,0,0,0,0,0,0
91,"FC031-2E_.3F._",130,50,1150,260,0.22,1112.26,1827.03,0,0,0,0,0,0,0
92,"FC031-2E_.3F._",105,50,880,175,0.185,765.5,1297.33,0,0,0,0,0,0,0
93,"FC035-2D_.6C._",400,50,2700,1050,0.22,3374.36,5083.12,0,0,0,0,0,0,0
94,"FC035-2D_.6C._",230,50,2180,660,0.19,2704.25,4144.97,0,0,0,0,0,0,0
95,"FC035-2D_.6C._",180,50,1830,480,0.18,2260.31,3474.87,0,0,0,0,0,0,0
96,"FC035-2D_.6C._",140,50,1480,330,0.165,1849.87,2779.64,0,0,0,0,0,0,0
97,"FC035-4D_.2C._",400,50,1390,175,0.39,2387.17,3613.21,0,0,0,0,0,0,0
98,"FC035-4D_.2C._",230,50,1220,130,0.34,2104.24,3250.86,0,0,0,0,0,0,0
99,"FC035-4D_.2C._",180,50,1070,110,0.35,1856.05,2913.33,0,0,0,0,0,0,0
100,"FC035-4D_.2C._",140,50,890,83,0.35,1488.74,2431.84,0,0,0,0,0,0,0
101,"FC035-4E_.2C._",230,50,1330,185,0.84,2252.73,3450.68,0,0,0,0,0,0,0
102,"FC035-4E_.2C._",160,50,1050,130,0.8100000000000001,1747.34,2965.69,0,0,0,0,0,0,0
103,"FC035-4E_.2C._",130,50,780,89,0.71,1202.62,2081.17,0,0,0,0,0,0,0
104,"FC035-4E_.2C._",105,50,560,57,0.59,861.4299999999999,1402.3,0,0,0,0,0,0,0
105,"FC040-2D_.6K._",400,50,2850,1400,2.7,4596.81,7127.48,0,0,0,0,0,0,0
106,"FC040-2D_.6K._",230,50,2550,1050,2.9,4174.96,6458.49,0,0,0,0,0,0,0
107,"FC040-2D_.6K._",180,50,2270,860,3.2,3775.36,5800.66,0,0,0,0,0,0,0
108,"FC040-2D_.6K._",140,50,1930,650,3.2,3153.14,4886.37,0,0,0,0,0,0,0
109,"FC040-4D_.2F._",400,50,1380,280,0.6,3415.65,5283.98,0,0,0,0,0,0,0
110,"FC040-4D_.2F._",230,50,1200,210,0.55,3018.14,4624.1,0,0,0,0,0,0,0
111,"FC040-4D_.2F._",180,50,1050,170,0.5600000000000001,2716.02,4139.13,0,0,0,0,0,0,0
112,"FC040-4D_.2F._",140,50,870,130,0.54,2207.2,3391.8,0,0,0,0,0,0,0
113,"FC040-4E_.2F._",230,50,1350,290,1.45,3610.36,5162.3,0,0,0,0,0,0,0
114,"FC040-4E_.2F._",160,50,1160,270,1.65,3072.47,4756.68,0,0,0,0,0,0,0
115,"FC040-4E_.2F._",130,50,770,230,1.7,2208.32,3292.92,0,0,0,0,0,0,0
116,"FC040-4E_.2F._",105,50,530,145,1.35,1458.8,2076.05,0,0,0,0,0,0,0
117,"FC040-6D_.2F._",400,50,920,110,0.28,2120.33,3134.08,0,0,0,0,0,0,0
118,"FC040-6D_.2F._",230,50,810,73,0.24,1761.93,2692.73,0,0,0,0,0,0,0
119,"FC040-6D_.2F._",180,50,680,57,0.23,1425.97,2100.56,0,0,0,0,0,0,0
120,"FC040-6D_.2F._",140,50,540,41,0.21,2468.79,3523.15,0,0,0,0,0,0,0
121,"FC040-6E_.2F._",230,50,940,130,0.6,2468.79,3523.15,0,0,0,0,0,0,0
122,"FC040-6E_.2F._",160,50,860,91,0.58,2246.14,3294.16,0,0,0,0,0,0,0
123,"FC040-6E_.2F._",130,50,720,76,0.61,1911.83,2862.76,0,0,0,0,0,0,0
124,"FC040-6E_.2F._",105,50,490,54,0.5600000000000001,1306.28,1936.08,0,0,0,0,0,0,0
125,"FC045-4D_.4C._",400,50,1390,360,0.75,3819.19,6357.36,0,0,0,0,0,0,0
126,"FC045-4D_.4C._",230,50,1150,270,0.75,3184.58,5602.74,0,0,0,0,0,0,0
127,"FC045-4D_.4C._",180,50,950,210,0.74,2625.16,4701.66,0,0,0,0,0,0,0
128,"FC045-4D_.4C._",140,50,750,140,0.66,2001.14,3763.38,0,0,0,0,0,0,0
129,"FC045-4E_.4C._",230,50,1370,360,1.6,3714.46,6310.29,0,0,0,0,0,0,0
130,"FC045-4E_.4C._",160,50,1060,300,1.95,2790.85,5561.68,0,0,0,0,0,0,0
131,"FC045-4E_.4C._",130,50,700,210,1.75,1833.03,3705.46,0,0,0,0,0,0,0
132,"FC045-4E_.4C._",105,50,530,135,1.5,1264.1,2524.39,0,0,0,0,0,0,0
133,"FC045-6D_.4C._",400,50,940,125,0.35,2519.92,4220.41,0,0,0,0,0,0,0
134,"FC045-6D_.4C._",230,50,790,92,0.32,2213.63,3808.03,0,0,0,0,0,0,0
135,"FC045-6D_.4C._",180,50,620,68,0.31,1704.3,3084.78,0,0,0,0,0,0,0
136,"FC045-6D_.4C._",140,50,470,44,0.27,1303.62,2405.95,0,0,0,0,0,0,0
137,"FC045-6E_.4C._",230,50,930,170,0.75,2495.89,4247.54,0,0,0,0,0,0,0
138,"FC045-6E_.4C._",160,50,780,115,0.74,2195.81,3961.41,0,0,0,0,0,0,0
139,"FC045-6E_.4C._",130,50,550,78,0.66,1391.45,2744.7,0,0,0,0,0,0,0
140,"FC045-6E_.4C._",105,50,380,50,0.55,1044.33,1915.27,0,0,0,0,0,0,0
141,"FC050-4D_.4F._",400,50,1380,550,1.05,4931.45,8368.68,0,0,0,0,0,0,0
142,"FC050-4D_.4F._",230,50,1140,430,1.2,4147.99,7380.85,0,0,0,0,0,0,0
143,"FC050-4D_.4F._",180,50,910,320,1.2,3355.47,6059.72,0,0,0,0,0,0,0
144,"FC050-4D_.4F._",140,50,710,200,1,2542.49,4741.03,0,0,0,0,0,0,0
145,"FC050-4E_.4F._",230,50,1290,510,2.3,4570.32,8075.93,0,0,0,0,0,0,0
146,"FC050-4E_.4F._",160,50,1040,390,2.5,3704.92,6873.17,0,0,0,0,0,0,0
147,"FC050-4E_.4F._",130,50,820,310,2.4,2971.53,5611.73,0,0,0,0,0,0,0
148,"FC050-4E_.4F._",105,50,600,210,2.1,2164.8,4276.96,0,0,0,0,0,0,0
149,"FC050-6D_.4C._",400,50,920,200,0.5600000000000001,3213.65,5537.17,0,0,0,0,0,0,0
150,"FC050-6D_.4C._",230,50,770,140,0.49,2710.36,4832.57,0,0,0,0,0,0,0
151,"FC050-6D_.4C._",180,50,610,105,0.47,2215.46,4161.51,0,0,0,0,0,0,0
152,"FC050-6D_.4C._",140,50,470,64,0.4,1619.9,3079.44,0,0,0,0,0,0,0
153,"FC050-6E_.4F._",230,50,920,220,0.96,3122.57,5567.55,0,0,0,0,0,0,0
154,"FC050-6E_.4F._",160,50,800,160,1.05,2710.87,5004.61,0,0,0,0,0,0,0
155,"FC050-6E_.4F._",130,50,540,130,1.1,1828.67,3584.68,0,0,0,0,0,0,0
156,"FC050-6E_.4F._",105,50,370,82,0.9,1274.14,2357.99,0,0,0,0,0,0,0
157,"FC056-4D_.4I._",400,50,1220,1000,1.8,7314.27,12361.48,0,0,0,0,0,0,0
158,"FC056-4D_.4I._",230,50,900,600,1.65,5415.05,9478.65,0,0,0,0,0,0,0
159,"FC056-4D_.4I._",180,50,760,450,1.6,4611.84,8095.31,0,0,0,0,0,0,0
160,"FC056-4D_.4I._",140,50,620,310,1.4,3603.99,6375.02,0,0,0,0,0,0,0
161,"FC056-4D_.6F._",400,50,1300,1250,2.2,7804.43,13208.2,0,0,0,0,0,0,0
162,"FC056-4D_.6F._",230,50,950,780,2.4,5736.56,10106.39,0,0,0,0,0,0,0
163,"FC056-4D_.6F._",180,50,760,550,2.2,4429.51,8116.56,0,0,0,0,0,0,0
164,"FC056-4D_.6F._",140,50,600,360,1.9,3434.59,6302.3,0,0,0,0,0,0,0
165,"FC056-6D_.4F._",400,50,860,390,0.8100000000000001,5098.36,8606.559999999999,0,0,0,0,0,0,0
166,"FC056-6D_.4F._",230,50,560,210,0.75,3182.95,5947.54,0,0,0,0,0,0,0
167,"FC056-6D_.4F._",180,50,420,135,0.63,2525.25,4453.77,0,0,0,0,0,0,0
168,"FC056-6D_.4F._",140,50,330,80,0.51,1905.6,3375.92,0,0,0,0,0,0,0
169,"FC056-6E_.4F._",230,50,880,430,1.95,5195.53,8882.68,0,0,0,0,0,0,0
170,"FC056-6E_.4F._",160,50,670,280,1.85,4027,7239.29,0,0,0,0,0,0,0
171,"FC056-6E_.4F._",130,50,500,195,1.65,2979.52,5609.87,0,0,0,0,0,0,0
172,"FC056-6E_.4F._",105,50,390,130,1.4,2199.72,4085.2,0,0,0,0,0,0,0
173,"FC063-4D_.6K._",400,50,1360,1900,3.2,12175.41,18780.33,0,0,0,0,0,0,0
174,"FC063-4D_.6K._",230,50,1110,1350,3.8,9639.34,15575.41,0,0,0,0,0,0,0
175,"FC063-4D_.6K._",180,50,920,1050,3.8,8162.3,13150.82,0,0,0,0,0,0,0
176,"FC063-4D_.6K._",140,50,740,730,3.4,6295.08,10382.51,0,0,0,0,0,0,0
177,"FC063-6D_.4I._",400,50,890,590,1.3,7627.7,12158.5,0,0,0,0,0,0,0
178,"FC063-6D_.4I._",230,50,610,360,1.3,5393.06,9062.799999999999,0,0,0,0,0,0,0
179,"FC063-6D_.4I._",180,50,480,230,1.1,4198.85,6883.8,0,0,0,0,0,0,0
180,"FC063-6D_.4I._",140,50,360,140,0.9,3072.01,5214.4,0,0,0,0,0,0,0
181,"FC063-6E_.4I._",230,50,880,600,2.7,7156.41,12054.65,0,0,0,0,0,0,0
182,"FC063-6E_.4I._",160,50,650,420,2.8,5176.35,9696.799999999999,0,0,0,0,0,0,0
183,"FC063-6E_.4I._",130,50,480,300,2.6,3847.81,7400.38,0,0,0,0,0,0,0
184,"FC063-6E_.4I._",105,50,360,200,2.2,2948.12,5432.06,0,0,0,0,0,0,0
185,"FC071-4D_.7M._",400,50,1350,2900,4.9,13775.92,24542.37,0,0,0,0,0,0,0
186,"FC071-4D_.7M._",230,50,1120,2100,5.7,11981.46,20823.86,0,0,0,0,0,0,0
187,"FC071-4D_.7M._",180,50,940,1600,5.7,10041.4,17742.7,0,0,0,0,0,0,0
188,"FC071-4D_.7M._",140,50,750,1100,5.2,7552.97,14121.58,0,0,0,0,0,0,0
189,"FC071-6D_.6K._",400,50,890,890,1.8,11039.53,17013.18,0,0,0,0,0,0,0
190,"FC071-6D_.6K._",230,50,710,600,1.8,8872.620000000001,14026.35,0,0,0,0,0,0,0
191,"FC071-6D_.6K._",180,50,600,440,1.75,7398.31,11825.07,0,0,0,0,0,0,0
192,"FC071-6D_.6K._",140,50,480,300,1.55,5969.31,9616.610000000001,0,0,0,0,0,0,0
193,"FC071-6E_.6K._",230,50,850,890,4.1,10831.26,16485.81,0,0,0,0,0,0,0
194,"FC071-6E_.6K._",160,50,620,650,4.5,7938.68,12844.6,0,0,0,0,0,0,0
195,"FC071-6E_.6K._",130,50,460,470,4.2,5842.51,9835.74,0,0,0,0,0,0,0
196,"FC071-6E_.6K._",105,50,350,310,3.5,4300.65,7187.66,0,0,0,0,0,0,0
197,"FC071-8D_.6F._",400,50,640,420,1.1,7902,12159.71,0,0,0,0,0,0,0
198,"FC071-8D_.6F._",230,50,480,240,0.83,5968.54,9280.1,0,0,0,0,0,0,0
199,"FC071-8D_.6F._",180,50,390,160,0.75,4878.4,7572.9,0,0,0,0,0,0,0
200,"FC071-8D_.6F._",140,50,310,110,0.64,3911.68,6112.52,0,0,0,0,0,0,0
201,"FC080-6D_.6K._",400,50,900,1400,2.7,12889.2,23119.26,0,0,0,0,0,0,0
202,"FC080-6D_.6K._",230,50,690,940,3,10029.56,18831.59,0,0,0,0,0,0,0
203,"FC080-6D_.6K._",180,50,560,670,2.8,8054.54,15738.85,0,0,0,0,0,0,0
204,"FC080-6D_.6K._",140,50,430,430,2.4,6292.07,12170.93,0,0,0,0,0,0,0
205,"FC080-8D_.6K._",400,50,670,690,1.75,11371.37,17363.95,0,0,0,0,0,0,0
206,"FC080-8D_.6K._",230,50,500,430,1.6,9321.27,13894.56,0,0,0,0,0,0,0
207,"FC080-8D_.6K._",180,50,390,290,1.45,7271.18,10819.42,0,0,0,0,0,0,0
208,"FC080-8D_.6K._",140,50,300,180,1.2,5536.49,8220.299999999999,0,0,0,0,0,0,0
209,"FC090-6D_.7Q._",400,50,870,3400,6.3,23171.58,35665.04,0,0,0,0,0,0,0
210,"FC090-6D_.7Q._",230,50,620,1900,6,16710.55,28768.4,0,0,0,0,0,0,0
211,"FC090-6D_.7Q._",180,50,480,1250,5.4,12955.39,21412.09,0,0,0,0,0,0,0
212,"FC090-6D_.7Q._",140,50,380,800,4.6,10293.93,16611.18,0,0,0,0,0,0,0
213,"FC090-8D_.7M._",400,50,680,1750,3.6,17158.76,28863.68,0,0,0,0,0,0,0
214,"FC090-8D_.7M._",230,50,520,1200,4,13618.48,24525.34,0,0,0,0,0,0,0
215,"FC090-8D_.7M._",180,50,440,930,3.8,11414.31,20725.04,0,0,0,0,0,0,0
216,"FC090-8D_.7M._",140,50,340,610,3.4,8450.07,16354.69,0,0,0,0,0,0,0
217,"FC100-8D_.7Q._",400,50,670,2200,4.2,19879.98,34666.04,0,0,0,0,0,0,0
218,"FC100-8D_.7Q._",230,50,530,1500,4.7,14633.31,28889.41,0,0,0,0,0,0,0
219,"FC100-8D_.7Q._",180,50,420,930,3.7,11559.5,22953.78,0,0,0,0,0,0,0
220,"FC100-8D_.7Q._",140,50,340,600,3.1,8750.68,17707.12,0,0,0,0,0,0,0
221,"FE031-4D_.0C._",400,50,1410,120,0.29,1076.55,2220.67,0,0,0,0,0,0,0
222,"FE031-4D_.0C._",230,50,1230,92,0.26,971.52,2040.84,0,0,0,0,0,0,0
223,"FE031-4D_.0C._",180,50,1050,77,0.28,874.97,1835.92,0,0,0,0,0,0,0
224,"FE031-4D_.0C._",140,50,830,57,0.26,715.6900000000001,1518.08,0,0,0,0,0,0,0
225,"FE031-4E_.0C._",230,50,1400,130,0.59,1190.55,2213.11,0,0,0,0,0,0,0
226,"FE031-4E_.0C._",160,50,1260,105,0.66,994.83,2113.25,0,0,0,0,0,0,0
227,"FE031-4E_.0C._",130,50,850,90,0.74,808.59,1846.63,0,0,0,0,0,0,0
228,"FE031-4E_.0C._",105,50,550,63,0.65,535.98,1130.14,0,0,0,0,0,0,0
229,"FE035-4D_.0C._",400,50,1360,175,0.34,1642.04,3100.16,0,0,0,0,0,0,0
230,"FE035-4D_.0C._",230,50,1050,130,0.36,1254.52,2679.8,0,0,0,0,0,0,0
231,"FE035-4D_.0C._",160,50,840,94,0.34,1064.04,2193.76,0,0,0,0,0,0,0
232,"FE035-4D_.0C._",140,50,630,62,0.29,801.3099999999999,1655.17,0,0,0,0,0,0,0
233,"FE035-4E_.0F._",230,50,1400,200,0.9,1674.69,3139.22,0,0,0,0,0,0,0
234,"FE035-4E_.0F._",160,50,1230,170,1.1,1405.22,2986.91,0,0,0,0,0,0,0
235,"FE035-4E_.0F._",130,50,920,140,1.15,1200.18,2705.72,0,0,0,0,0,0,0
236,"FE035-4E_.0F._",105,50,510,99,1.05,827.29,1739.13,0,0,0,0,0,0,0
237,"FE040-4E_.2F._",230,50,1320,310,1.35,2207.68,4729.49,0,0,0,0,0,0,0
238,"FE040-4E_.2F._",160,50,870,260,1.7,2116.45,4045.69,0,0,0,0,0,0,0
239,"FE040-4E_.2F._",130,50,470,185,1.55,1176.96,2500.52,0,0,0,0,0,0,0
240,"FE040-4E_.2F._",105,50,350,120,1.25,716.13,1496.06,0,0,0,0,0,0,0
241,"FE042-4E_.2F._",230,50,1280,370,1.6,2054.11,5177.4,0,0,0,0,0,0,0
242,"FE042-4E_.2F._",160,50,840,260,1.75,1996.96,4240.31,0,0,0,0,0,0,0
243,"FE042-4E_.2F._",130,50,500,185,1.55,1414.21,2917.64,0,0,0,0,0,0,0
244,"FE042-4E_.2F._",105,50,380,125,1.3,592.71,1915.99,0,0,0,0,0,0,0
245,"FE045-4E_.4I._",230,50,1310,610,2.8,2940.52,5411.48,0,0,0,0,0,0,0
246,"FE045-4E_.4I._",160,50,1110,460,2.9,2623.3,4843.83,0,0,0,0,0,0,0
247,"FE045-4E_.4I._",130,50,890,350,2.9,1955.48,4092.52,0,0,0,0,0,0,0
248,"FE045-4E_.4I._",105,50,710,260,2.3,1588.17,3341.22,0,0,0,0,0,0,0
249,"FE045-6E_.4F._",230,50,910,210,0.91,2235.36,4916.08,0,0,0,0,0,0,0
250,"FE045-6E_.4F._",160,50,640,160,1.1,1976.58,4232.63,0,0,0,0,0,0,0
251,"FE045-6E_.4F._",130,50,330,105,0.95,1170.01,2057.68,0,0,0,0,0,0,0
252,"FE045-6E_.4F._",105,50,260,70,0.78,855.1900000000001,1469.34,0,0,0,0,0,0,0
253,"FE050-4E_.4I._",230,50,1210,770,3.4,5339.62,9063.93,0,0,0,0,0,0,0
254,"FE050-4E_.4I._",160,50,930,520,3.4,3932.33,7799.6,0,0,0,0,0,0,0
255,"FE050-4E_.4I._",130,50,730,360,2.9,2966.82,6190.41,0,0,0,0,0,0,0
256,"FE050-4E_.4I._",105,50,590,260,2.6,2423.01,5116.39,0,0,0,0,0,0,0
257,"FE050-6E_.4F._",230,50,890,290,1.25,3436.05,6403.87,0,0,0,0,0,0,0
258,"FE050-6E_.4F._",160,50,590,195,1.3,2058.14,5407.53,0,0,0,0,0,0,0
259,"FE050-6E_.4F._",130,50,410,130,1.1,1730.41,3671.36,0,0,0,0,0,0,0
260,"FE050-6E_.4F._",105,50,300,84,0.89,1222.91,2549.53,0,0,0,0,0,0,0
261,"FE056-6E_.4I._",230,50,920,510,2.3,4287.44,7955.3,0,0,0,0,0,0,0
262,"FE056-6E_.4I._",160,50,780,370,2.5,3621.78,7420.17,0,0,0,0,0,0,0
263,"FE056-6E_.4I._",130,50,610,280,2.4,3078.68,6517,0,0,0,0,0,0,0
264,"FE056-6E_.4I._",105,50,460,190,2.1,2467.41,4978.32,0,0,0,0,0,0,0
265,"FE063-6E_.4I._",230,50,870,630,2.8,7649.67,10954.71,0,0,0,0,0,0,0
266,"FE063-6E_.4I._",160,50,610,400,2.8,5244.23,9149.32,0,0,0,0,0,0,0
267,"FE063-6E_.4I._",130,50,460,270,2.4,3984.94,6864.57,0,0,0,0,0,0,0
268,"FE063-6E_.4I._",105,50,350,180,2,2948.11,5107.09,0,0,0,0,0,0,0
269,"FE063-6E_.4M._",230,50,900,780,3.5,5942.25,11290.73,0,0,0,0,0,0,0
270,"FE063-6E_.4M._",160,50,710,580,3.9,4726.97,10170.4,0,0,0,0,0,0,0
271,"FE063-6E_.4M._",130,50,520,430,3.6,4028.87,8648.74,0,0,0,0,0,0,0
272,"FE063-6E_.4M._",105,50,460,270,3,3312.11,6491.72,0,0,0,0,0,0,0
273,"FE063-8E_.4I._",230,50,650,400,1.8,3783.24,8228.5,0,0,0,0,0,0,0
274,"FE063-8E_.4I._",160,50,500,240,1.6,3387.13,7333.58,0,0,0,0,0,0,0
275,"FE063-8E_.4I._",130,50,400,165,1.4,2923.66,6141.91,0,0,0,0,0,0,0
276,"FE063-8E_.4I._",105,50,310,110,1.15,2366.17,4798.86,0,0,0,0,0,0,0
277,"FH056-6E_.4F._",230,50,880,400,1.8,3057.04,7036.84,0,0,0,0,0,0,0
278,"FH056-6E_.4F._",160,50,650,240,1.6,2259.06,6309.57,0,0,0,0,0,0,0
279,"FH056-6E_.4F._",130,50,510,165,1.35,1865.12,5309.57,0,0,0,0,0,0,0
280,"FH056-6E_.4F._",105,50,390,105,1.1,1855.02,4026.74,0,0,0,0,0,0,0
281,"FH056-6E_.4F._",60,50,200,35,0.65,774.21,2006.54,0,0,0,0,0,0,0
282,"FH065-6E_.6K._",230,50,880,730,3.4,5967.21,11554.92,0,0,0,0,0,0,0
283,"FH065-6E_.6K._",160,50,670,570,3.9,4782.79,10412.3,0,0,0,0,0,0,0
284,"FH065-6E_.6K._",130,50,520,420,3.7,3528.69,8879.51,0,0,0,0,0,0,0
285,"FH065-6E_.6K._",105,50,390,280,3.1,2553.28,6719.67,0,0,0,0,0,0,0
286,"FH065-6E_.6K._",60,50,150,95,1.9,1410.66,3138.52,0,0,0,0,0,0,0
287,"FL050-4E_.4F._L",230,50,1240,530,2.4,4016.34,6838.56,0,0,0,0,0,0,0
288,"FL050-4E_.4F._L",170,50,1000,390,2.4,3160.78,5994.12,0,0,0,0,0,0,0
289,"FL050-4E_.4F._L",135,50,770,280,2.2,2327.93,4869,0,0,0,0,0,0,0
290,"FL050-4E_.4F._L",110,50,590,190,1.9,2173.34,3709.58,0,0,0,0,0,0,0
291,"FL050-4E_.4I._P",230,50,1200,560,2.5,4282.43,7290.64,0,0,0,0,0,0,0
292,"FL050-4E_.4I._P",170,50,940,410,2.5,3402.3,6147.78,0,0,0,0,0,0,0
293,"FL050-4E_.4I._P",135,50,710,290,2.3,2614.12,4873.56,0,0,0,0,0,0,0
294,"FL050-4E_.4I._P",110,50,550,200,2,2070.94,3734.65,0,0,0,0,0,0,0
295,"FL050-6E_.4C._L",230,50,850,180,0.89,2827.23,4685.86,0,0,0,0,0,0,0
296,"FL050-6E_.4C._L",170,50,610,130,0.91,2111.69,4031.41,0,0,0,0,0,0,0
297,"FL050-6E_.4C._L",135,50,410,84,0.78,1527.05,2661.43,0,0,0,0,0,0,0
298,"FL050-6E_.4C._L",110,50,160,56,0.64,1232.11,1797.56,0,0,0,0,0,0,0
299,"FL050-6E_.4F._P",230,50,910,240,1.1,3157.89,5328.95,0,0,0,0,0,0,0
300,"FL050-6E_.4F._P",170,50,740,190,1.25,2743.42,4884.87,0,0,0,0,0,0,0
301,"FL050-6E_.4F._P",135,50,480,130,1.1,2062.5,3215.87,0,0,0,0,0,0,0
302,"FL050-6E_.4F._P",110,50,350,85,0.93,1566.2,2230.26,0,0,0,0,0,0,0
303,"FL050-6E_.4F._S",230,50,890,260,1.2,3480.34,5718.27,0,0,0,0,0,0,0
304,"FL050-6E_.4F._S",170,50,630,200,1.3,2540.57,4905.92,0,0,0,0,0,0,0
305,"FL050-6E_.4F._S",135,50,420,130,1.1,1719.3,3070.66,0,0,0,0,0,0,0
306,"FL050-6E_.4F._S",110,50,310,84,0.91,1378.12,2154.15,0,0,0,0,0,0,0
307,"FL050-8E_.4C._P",230,50,670,130,0.58,2382.88,3915.72,0,0,0,0,0,0,0
308,"FL050-8E_.4C._P",170,50,570,91,0.57,2143.68,3594.16,0,0,0,0,0,0,0
309,"FL050-8E_.4C._P",135,50,420,66,0.54,1589.79,2888.17,0,0,0,0,0,0,0
310,"FL050-8E_.4C._P",110,50,310,46,0.47,1162.55,2063.33,0,0,0,0,0,0,0
311,"FL056-8E_.4F._P",230,50,660,190,0.95,3379.28,5163.99,0,0,0,0,0,0,0
312,"FL056-8E_.4F._P",170,50,550,130,0.88,3121.43,4652.51,0,0,0,0,0,0,0
313,"FL056-8E_.4F._P",135,50,410,92,0.79,2460.75,3676.74,0,0,0,0,0,0,0
314,"FL056-8E_.4F._P",110,50,310,62,0.67,1846.78,2765.44,0,0,0,0,0,0,0
315,"FL063-6E_.4I._L",230,50,900,550,2.5,4819.7,9157.639999999999,0,0,0,0,0,0,0
316,"FL063-6E_.4I._L",170,50,770,430,2.7,4032.51,8621.68,0,0,0,0,0,0,0
317,"FL063-6E_.4I._L",135,50,610,320,2.5,3513.3,7482.76,0,0,0,0,0,0,0
318,"FL063-6E_.4I._L",110,50,460,220,2.2,2793.1,5841.38,0,0,0,0,0,0,0
319,"FL063-6E_.4I._P",230,50,880,600,2.7,6386.93,9790.120000000001,0,0,0,0,0,0,0
320,"FL063-6E_.4I._P",170,50,700,460,2.9,5026.55,8768.870000000001,0,0,0,0,0,0,0
321,"FL063-6E_.4I._P",135,50,500,320,2.6,3985.84,6870.13,0,0,0,0,0,0,0
322,"FL063-6E_.4I._P",110,50,380,220,2.2,2963.06,5035.21,0,0,0,0,0,0,0
323,"FL063-8E_.4F._L",230,50,600,230,1.12,3377.36,6318.19,0,0,0,0,0,0,0
324,"FL063-8E_.4F._L",170,50,440,145,1.01,2581.11,5383.92,0,0,0,0,0,0,0
325,"FL063-8E_.4F._L",135,50,330,94,0.88,1933.49,4056.83,0,0,0,0,0,0,0
326,"FL063-8E_.4F._L",110,50,250,63,0.68,1434.5,3016.39,0,0,0,0,0,0,0
327,"FL063-8E_.4I._P",230,50,630,300,1.5,3882.12,7187.8,0,0,0,0,0,0,0
328,"FL063-8E_.4I._P",170,50,330,140,1.25,2956.53,6144.67,0,0,0,0,0,0,0
329,"FL063-8E_.4I._P",135,50,330,140,1.25,2221.93,4528.56,0,0,0,0,0,0,0
330,"FL063-8E_.4I._P",110,50,250,94,1.05,1634.26,3367.9,0,0,0,0,0,0,0
331,"FL063-8E_.4I._S",230,50,630,340,1.6,4615.18,7716.31,0,0,0,0,0,0,0
332,"FL063-8E_.4I._S",170,50,570,230,1.45,3736.72,6568.47,0,0,0,0,0,0,0
333,"FL063-8E_.4I._S",135,50,360,150,1.3,2900.93,4876.17,0,0,0,0,0,0,0
334,"FL063-8E_.4I._S",110,50,270,100,1.1,2137,3684.15,0,0,0,0,0,0,0
335,"FL065-6E_.4I._L",230,50,900,560,2.6,4333.17,9298.43,0,0,0,0,0,0,0
336,"FL065-6E_.4I._L",170,50,780,430,2.7,4074.25,8719.66,0,0,0,0,0,0,0
337,"FL065-6E_.4I._L",135,50,610,310,2.5,3556.4,7562.11,0,0,0,0,0,0,0
338,"FL065-6E_.4I._L",110,50,460,220,2.2,2688.24,5810.57,0,0,0,0,0,0,0
339,"FL065-6E_.4I._P",230,50,870,740,3.2,5149.09,10364.37,0,0,0,0,0,0,0
340,"FL065-6E_.4I._P",170,50,710,510,3.1,4089.35,9379.190000000001,0,0,0,0,0,0,0
341,"FL065-6E_.4I._P",135,50,530,350,2.7,3009.72,7664.91,0,0,0,0,0,0,0
342,"FL065-6E_.4I._P",110,50,430,240,2.3,2637.25,5832.43,0,0,0,0,0,0,0
343,"FL065-8E_.4I._L",230,50,620,270,1.25,2736.47,6589.88,0,0,0,0,0,0,0
344,"FL065-8E_.4I._L",170,50,460,180,1.15,1954.62,5752.18,0,0,0,0,0,0,0
345,"FL065-8E_.4I._L",135,50,350,120,0.98,1828.97,4439.79,0,0,0,0,0,0,0
346,"FL065-8E_.4I._L",110,50,260,79,0.82,1452.01,3183.25,0,0,0,0,0,0,0
347,"AZD910AM0301-01A",400,50,425,0.42,1.15,4957,15300,6.44216e-15,-2.66082e-10,3.57704e-06,-0.02176377,95.69967,0,0
348,"A8D910AJ0301-04A",400,50,665,1.11,2.7,7501,23632,2.96334e-15,-1.90119e-10,4.00426e-06,-0.03808866,249.1536,0,0
349,"A6D910AP0101-01A",400,50,890,2.45,5.2,47,0,1.52368e-05,-0.001084817,-0.004629266,5.49935,0.4740924,0,0
350,"A8D800AJ0101-02A",400,50,660,0.98,2.41,5026,18520,1.25534e-14,-6.40898e-10,1.12391e-05,-0.08806857,371.067,0,0
351,"A6D800AJ0101-114A",400,50,895,2,4.3,8087,24565,3.15351e-15,-2.09163e-10,4.45896e-06,-0.04601696,392.4456,0,0
352,"A6D710AN0101-04E",400,50,910,1.01,2.4,6158,16064,5.39885e-14,-2.3898e-09,3.69464e-05,-0.248658,773.227,0,0
353,"A4D710AL0101-03A",400,50,1350,2.32,4.65,8468,20458,1.85705e-15,2.57408e-11,-5.19742e-06,0.08121359,-29.79018,0,0
354,"A4D630AN0101-42A",400,50,1330,1.94,3.4,6036,17228,5.62663e-14,-2.71447e-09,4.56658e-05,-0.3382941,1201.485,0,0
355,"A4D630AJ0101-41A",400,50,1340,2.53,4.95,7492,20054,9.53508e-15,-5.00708e-10,7.65187e-06,-0.04921505,407.7606,0,0
356,"A6D500AG0301",400,50,920,0.32,0.75,2615,6704,9.599540000000001e-13,-1.79637e-08,0.000118333,-0.3435861,459.0244,0,0
357,"A6D800AK0101-03C",480,60,1040,1.95,3.6,7486,25742,6.16859e-15,-4.31879e-10,1.03348e-05,-0.1149255,771.0391,0,0
358,"AZD800AM0301-10A",400,50,435,0.37,1.15,3753,12052,2.39035e-14,-8.17821e-10,9.587060000000001e-06,-0.05124966,152.7,0,0
359,"AZD800AM0301-10C",480,60,505,0.54,1.25,4398,14310,1.30572e-14,-5.36096e-10,7.45003e-06,-0.04781789,182.3357,0,0
360,"A8D800AJ0101-02D",480,60,790,1.25,2.53,6056,21820,8.384199999999999e-15,-4.91824e-10,9.81945e-06,-0.08745513000000001,442.8216,0,0
361,"A4D630AO0305-01C",480,60,1630,2.24,3.4,6418,18547,6.335980000000001e-14,-3.3188e-09,6.0596e-05,-0.4837082,1808.338,0,0
362,"A4D560AE03",400,50,1270,1.03,1.9,4002,11500,2.34479e-13,-7.72002e-09,8.97769e-05,-0.4631886,1098.364,0,0
363,"A8D500AJ03-02A",400,50,680,0.15,0.4,1612,4581,2.50452e-12,-3.21412e-08,0.000145263,-0.2882437,259.6763,0,0
364,"A8D500AJ03-02C",480,60,810,0.21,0.41,2001,5433,1.29199e-12,-1.9964e-08,0.00010752,-0.2558915,293.0051,0,0
365,"A4E500AM03-02C",230,50,1300,0.68,3,3495,8903,3.13564e-14,-6.00765e-10,-8.06222e-07,0.01629258,146.1796,0,0
366,"A6E500AJ0301-01A",230,50,915,0.27,1.18,2223,6100,1.30717e-12,-2.25031e-08,0.000135939,-0.3600104,436.6552,0,0
367,"A6E500AJ0301-01C",230,60,1015,0.39,1.72,2603,7087,3.79976e-13,-7.52152e-09,5.00101e-05,-0.1509588,277.3541,0,0
368,"A8E500AJ0301-01A",230,50,665,0.13,0.59,1600,4538,2.38967e-12,-3.04093e-08,0.000136266,-0.2680583,239.4113,0,0
369,"A8E500AJ0301-01C",230,60,740,0.17,0.75,2001,5226,-8.57336e-14,1.31482e-09,-1.10854e-05,0.02809951,32.26844,0,0
370,"A4D500AJ0301-01A",400,50,1340,0.71,1.4,3705,9030,-3.29418e-14,1.22342e-09,-2.00601e-05,0.1045877,9.879524999999999,0,0
371,"A4D500AM0305-01A",400,50,1350,0.6899999999999999,1.34,3601,9050,2.26588e-13,-5.5916e-09,4.52465e-05,-0.1654909,417.4573,0,0
372,"A4D500AM0305-01B",480,60,1590,1.05,1.57,4149,10750,2.56853e-13,-7.459929999999999e-09,7.43124e-05,-0.3308667,807.4226,0,0
373,"A6D500AJ0301-01A",400,50,930,0.27,0.6899999999999999,2505,6185,5.622959999999999e-13,-9.28312e-09,5.03184e-05,-0.1213187,199.4075,0,0
374,"A6D500AJ0301-01C",480,60,1100,0.415,0.78,2564,7320,8.14108e-13,-1.66706e-08,0.000119579,-0.3793511,572.1609999999999,0,0
375,"A6D630AM01-13A",400,50,850,0.74,1.38,4604,12560,4.77349e-14,-1.69244e-09,2.02659e-05,-0.109308,342.5677,0,0
376,"A6D630AN01-12A",400,50,890,0.6,1.2,4563,11270,-2.15251e-14,8.71783e-10,-1.45411e-05,0.08845514,-49.98745,0,0
377,"A6D630AN01-12C",480,60,1070,0.8100000000000001,1.35,4937,13100,-8.93146e-15,3.99965e-10,-8.245139999999999e-06,0.05474831,62.06235,0,0
378,"A8D630AN01-01A",400,50,660,0.33,0.83,3253,8360,1.28093e-13,-2.83005e-09,2.02794e-05,-0.06436722,149.1683,0,0
379,"A8D630AN01-01C",480,60,780,0.49,0.9399999999999999,3801,9830,4.68301e-14,-1.11275e-09,7.02692e-06,-0.01733786,111.5527,0,0
380,"A8D630AN07-01A",400,50,450,0.145,0.32,2400,6365,-5.5797e-14,1.20213e-09,-1.02005e-05,0.03025319,2.33612,0,0
381,"A8D630AN07-01C",480,60,470,0.2,0.36,2403,6895,-1.44232e-13,3.00971e-09,-2.3636e-05,0.07340489,-43.01423,0,0
382,"A6E630AN01-05A",230,50,860,0.6,2.62,3798,11020,5.93044e-14,-1.75918e-09,1.68791e-05,-0.07409328,247.6261,0,0
383,"A6E630AO01-02A",230,50,900,0.5,2.2,3402,9440,2.7253e-13,-7.38035e-09,7.01562e-05,-0.2977755,604.5700000000001,0,0
384,"A8E630AN01-01A",230,50,670,0.34,1.72,3501,8450,-1.52778e-13,4.10839e-09,-4.24509e-05,0.1810606,-198.8919,0,0
385,"A8E630AN01-01C",230,60,710,0.46,2.12,3603,9745,-3.26713e-14,9.30923e-10,-1.13085e-05,0.05153241,4.829606,0,0
386,"A6D560AK03-01A",400,50,890,0.38,0.8,3002,8050,6.88241e-13,-1.57008e-08,0.000127147,-0.4499833,684.6013,0,0
387,"A6D560AK03-01C",480,60,1040,0.652,0.97,3503,9445,4.37044e-13,-1.17333e-08,0.0001115,-0.4640278,845.2277,0,0
388,"A6E560AK0101-01A",230,50,895,0.41,1.8,3457,8030,2.1313e-14,-2.96334e-10,-3.07674e-06,0.0266787,49.60299,0,0
389,"A8E560AK01XA-01A",230,50,670,0.23,1.15,2560,6110,4.43766e-13,-7.18545e-09,3.82672e-05,-0.08837834,132.1905,0,0
390,"A8E560AK01XA-01C",230,60,750,0.3,1.37,2816,7060,2.80248e-13,-5.31849e-09,3.35895e-05,-0.09458904,169.2348,0,0
