IDCompressor,Description,CapacityVar1,CapacityVar2,CapacityVar3,CapacityVar4,CapacityVar5,CapacityVar6,CapacityVar7,CapacityVar8,CapacityVar9,CapacityVar10,CapacityVar11,CapacityVar12,CapacityVar13,CapacityVar14,CapacityVar15,CapacityVar16,CapacityVar17,CapacityVar18,CapacityVar19,CapacityVar20,CapacityVar21,CapacityVar22,CapacityVar23,CapacityVar24,CapacityVar25,CapacityVar26,CapacityVar27,CapacityVar28,CapacityVar29,CapacityVar30,CapacityVar31,CapacityVar32,CapacityVar33,CapacityVar34,CapacityVar35,CapacityVar36,AbsorbedPowerVar1,AbsorbedPowerVar2,AbsorbedPowerVar3,AbsorbedPowerVar4,AbsorbedPowerVar5,AbsorbedPowerVar6,AbsorbedPowerVar7,AbsorbedPowerVar8,AbsorbedPowerVar9,AbsorbedPowerVar10,AbsorbedPowerVar11,AbsorbedPowerVar12,AbsorbedPowerVar13,AbsorbedPowerVar14,AbsorbedPowerVar15,AbsorbedPowerVar16,AbsorbedPowerVar17,AbsorbedPowerVar18,AbsorbedPowerVar19,AbsorbedPowerVar20,AbsorbedPowerVar21,AbsorbedPowerVar22,AbsorbedPowerVar23,AbsorbedPowerVar24,AbsorbedPowerVar25,AbsorbedPowerVar26,AbsorbedPowerVar27,AbsorbedPowerVar28,AbsorbedPowerVar29,AbsorbedPowerVar30,AbsorbedPowerVar31,AbsorbedPowerVar32,AbsorbedPowerVar33,AbsorbedPowerVar34,AbsorbedPowerVar35,AbsorbedPowerVar36,CurrentVar1,CurrentVar2,CurrentVar3,CurrentVar4,CurrentVar5,CurrentVar6,CurrentVar7,CurrentVar8,CurrentVar9,CurrentVar10,CurrentVar11,CurrentVar12,CurrentVar13,CurrentVar14,CurrentVar15,CurrentVar16,CurrentVar17,CurrentVar18,CurrentVar19,CurrentVar20,CurrentVar21,CurrentVar22,CurrentVar23,CurrentVar24,CurrentVar25,CurrentVar26,CurrentVar27,CurrentVar28,CurrentVar29,CurrentVar30,CurrentVar31,CurrentVar32,CurrentVar33,CurrentVar34,CurrentVar35,CurrentVar36,CapacityFactor,AbsorbedPowerFactor,Current
9662,"RC2-320B",-7490.382,-11499.2,-280.0105,-3.485149,2059.521,557.4355,11.46969,0.3041519,-34.29267,-5.583951,-0.07957387,-0.003194304,226703.9,48602.93,899.2243999999999,5.031109,-5659.784,-1986.236,-30.92654,-0.6698334,68.80007999999999,19.89222,0.1566492,0.006572408,67596.71000000001,-25525.25,-294.5158,5.513546,2906.552,1378.837,11.51255,0.08317067,-60.00666,-14.66829,0,0,257.3066,-48.10177,56.55637,2.063829,276.2483,-8.917418,-0.9739447,-0.01620711,6.675604,0.03883385,0.005009232,0.0002823734,47309.41,1133.294,-148.0007,-6.098161,-1795.534,-29.87284,1.604563,0.01454742,12.32473,0.4711332,-0.009733383999999999,-0.000527242,-11222.65,-913.1217,87.57746,3.829552,1248.219,37.0159,-0.3627281,0.02180892,-2.552521,-0.4338562,0,0,7.82139,-8.860987,0.5743780000000001,0.02892392,5.50341,0.3890423,-0.008164309999999999,-0.0003081479,-0.01883971,-0.004482253,4.045814e-05,2.351304e-06,243.3439,34.48315,-1.839939,-0.09526563,-23.50571,-1.553475,0.01881553,0.0006501099,0.1616001,0.01751976,-5.971185e-05,-3.316655e-06,-127.5779,-26.2008,1.289087,0.06743225,17.48822,1.207576,-0.009969624999999999,-0.0002848631,-0.09713872,-0.01332538,0,0,1,1,1
9670,"RC2-340B",-3349.057,-230.787,116.0706,-0.8563314,3459.217,87.46375,-1.890623,0.306373,-51.56483,-0.6123405,0.02994672,-0.003903348,253467.9,10314.06,-410.2167,-1.94991,-10753.01,-326.2797,12.00816,-0.8464545999999999,126.8487,2.203439,-0.1833086,0.01124918,53817.46,3582.828,595.8452,6.90731,6462.114,116.8361,-15.51275,0.4329813,-100.7697,-1.215976,0.1935263,-0.006092192,522.5166,307.8969,83.30517,1.203316,531.075,-23.83941,-3.04248,-0.005325969,4.846029,0.2136608,0.03318985,0.0003593491,56397.5,-59.77079,-269.7435,-3.918748,-2958.937,20.29936,10.34909,0.02090627,24.28554,-0.1098916,-0.127798,-0.001396999,-19060.29,-27.19214,198.1522,2.917989,2218.582,0.06922435,-7.952659,-0.02120169,-12.3685,-0.004472915,0.1010669,0.00112459,8.177110000000001,0.9529079,0.8440858999999999,0.01435877,6.966439,-0.07036333,-0.03178444,-0.0001259918,-0.03618943,0.0005569433,0.0003662292,3.441561e-06,301.424,-0.7294631,-3.087237,-0.05283707,-30.74771,0.09714527000000001,0.1175858,0.0004692049,0.2494202,-0.0005465447,-0.001399275,-1.321619e-05,-181.9061,0.4374142,2.381337,0.04084151,23.74568,-0.04201683,-0.09229788,-0.0004204605,-0.1708695,0.0003573098,0.001104079,1.080386e-05,1,1,1
9671,"RC2-370B",-4670.739,-7325.296,21.0119,7.427669,3122.209,411.2247,4.45844,0.04555027,-47.84975,-4.074349,-0.04796141,-0.00165506,280737.9,37692.17,-19.13969,-29.6153,-9686.218000000001,-1548.692,-11.60491,0.03529244,112.1302,15.27058,0.09801317,0.003726158,59109.84,-16329.5,336.6961,28.17208,5714.629,1055.087,0.8186852,-0.2643481,-93.27267000000001,-11.35723,0,0,313.9745,-402.9356,63.19067,2.446799,441.2551,7.837638,-0.9588627,-0.01455227,6.949858,-0.1471999,0.004327844,0.0002685671,57654.51,2583.312,-167.0504,-7.374785,-2553.421,-100.0446,1.415053,0.006339487,18.12698,1.244962,-0.00778872,-0.0004572829,-16183.79,-2032.388,102.7021,4.861471,1826.917,92.75360999999999,-0.3162201,0.02326624,-6.265004,-1.038082,0,0,9.259134,-10.65536,0.6673865,0.03393534,6.415183,0.4695829,-0.009409872,-0.0003611867,-0.01936733,-0.005359932,4.664489e-05,2.732034e-06,281.2195,41.34758,-2.13902,-0.1117851,-27.44193,-1.866909,0.02155756,0.0007610865,0.1819086,0.02091458,-6.768688e-05,-3.793759e-06,-147.7782,-31.36706,1.501937,0.07926726000000001,20.43225,1.447871,-0.01148288,-0.0003395832,-0.1091739,-0.01589114,0,0,1,1,1
9663,"RC2-410B",-12741.42,-20684.44,-586.4358,-10.58675,2859.684,989.2289,21.44194,0.5856872,-47.91742,-10.0636,-0.1406848,-0.0058087,288793.5,81925.12,1818.687,23.36954,-7549.829,-3461.746,-57.32738,-1.321296,96.60902,35.24923,0.2748545,0.01176028,87412,-46962.27,-773.0916999999999,-1.439355,3914.503,2430.576,22.94195,0.2406896,-82.66685,-25.87459,0,0,198.3974,-164.7616,69.55846,2.526232,372.1975,-6.407328,-1.115274,-0.01464694,8.499598000000001,-0.007924667,0.005104357,0.0003003991,62517.2,1865.522,-182.1174,-7.558093,-2405.125,-58.7305,1.749164,0.005676585,16.99027,0.8363235999999999,-0.00996734,-0.0005569179,-15625.45,-1497.945,109.5335,4.868208,1692.355,63.89706,-0.3943233,0.02977999,-4.227695,-0.7413864,0,0,-0.4486699,-4.219398,0.08881583999999999,0.003918483,2.152186,0.1978079,-0.0004848844,5.42051e-06,-0.008725096,-0.002343944,-1.029284e-05,-3.317835e-07,228.8613,17.61529,-0.2610089,-0.01378218,-10.91539,-0.8460734,0.0007605242,3.43148e-06,0.1073426,0.009696646,2.273637e-05,9.166077e-07,-141.9308,-13.81735,0.2051599,0.01145433,8.136893000000001,0.6790919,-0.001729674,-6.667495e-05,-0.06405524,-0.007546443,0,0,1,1,1
9664,"RC2-470B",-6528.514,-2266.226,-106.6356,-8.591122,3634.066,149.1397,6.209322,0.6645213,-57.24814,-0.9336702,-0.02988628,-0.007508944,305192.3,17169.29,316.7867,23.12525,-9303.102999999999,-412.4424,-13.76862,-2.006529,110.693,2.007097,0.006137719,0.02266498,124526.2,3828.581,186.2709,-9.076214999999999,4273.167,98.02652999999999,0.8446131,1.197228,-85.64552,-0.5829973000000001,0.07290523,-0.01341188,649.691,419.5251,104.4353,1.622193,587.7143,-33.87047,-3.703454,-0.009607273,7.494234,0.2960441,0.03969247,0.0005068503,73855.48,-76.00047000000001,-329.6208,-5.173335,-3493.573,31.22226,12.30284,0.03330575,28.78663,-0.1600135,-0.15207,-0.001919624,-22452.66,-40.87819,238.1371,3.758402,2592.042,-2.210118,-9.328576999999999,-0.02803988,-13.14289,0.000483862,0.1194315,0.001492397,1.503844,0.6704589,0.3181762,0.003618513,2.678033,-0.04177914,-0.01387708,-8.941195e-05,-0.01299524,0.0003350209,0.0001514362,1.406113e-06,266.4138,-0.1337052,-1.13954,-0.01378135,-13.50544,0.02321607,0.05188875,0.0004062362,0.1350744,-3.140334e-05,-0.0005968594,-6.17082e-06,-168.9146,-0.1622036,0.8873651,0.01141603,10.15026,0.01100481,-0.04141014,-0.0003725365,-0.08390395,-4.771894e-05,0.0004811158,5.418679e-06,1,1,1
9672,"RC2-510B",-4164.756,612.0607,216.6147,-0.5148403,5159.049,90.74347,-4.014089,0.4372903,-76.81908,-0.5366704,0.048853,-0.005638664,383184.5,12713.92,-758.7536,-5.654604,-16524.85,-382.4816,22.01653,-1.180444,194.8665,2.321678,-0.2885341,0.01598103,70723.92,6838.122,992.9991,12.43535,10194.5,116.5498,-26.1747,0.5759536,-156.5361,-1.297688,0.3011664,-0.008394528,835.415,467.9597,124.2332,1.803999,775.0491,-35.95378,-4.525688,-0.007971865,7.228332,0.3252692,0.04911048,0.0005188025,82696.35000000001,-148.5671,-402.711,-5.866866,-4327.639,33.3803,15.39225,0.03009979,35.37464,-0.2049975,-0.1888663,-0.00200556,-27785.16,10.01862,295.8826,4.358391,3243.111,-2.764907,-11.82196,-0.03010662,-17.91722,0.02861539,0.1492822,0.00161022,1.829798,0.6534554,0.3693099,0.004243543,3.242852,-0.04104182,-0.01626758,-0.0001097117,-0.01706784,0.0003489432,0.0001778721,1.621612e-06,306.2906,-0.004151617,-1.337306,-0.01635349,-15.75747,0.01740461,0.06120064,0.0004954928,0.154968,-4.386063e-05,-0.0007009871,-7.136779e-06,-197.9832,-0.2238229,1.046296,0.01360109,11.81333,0.01387446,-0.04893278,-0.0004529507,-0.09788824,-1.141343e-05,0.0005653176,6.297146e-06,1,1,1
9665,"RC2-550B",-13445.71,-20557.19,-531.8748000000001,-7.282616,3526.692,987.9526,20.89006,0.5484295,-58.95672,-9.83605,-0.1399354,-0.00570589,377674.6,85287.05,1690.539,12.05503,-9136.023999999999,-3476.616,-56.20766,-1.196053,112.4024,34.61549,0.2729153,0.01152017,127219.2,-44916.1,-604.2051,7.310814,4361.739,2401.412,21.67876,0.1617145,-96.34941999999999,-25.36779,0,0,370.8026,-195.6659,95.24046,3.527962,479.9063,-9.764806999999999,-1.596918,-0.02624822,11.33346,0.006713585,0.007708486,0.0004469561,81548.7,2364.088,-250.0894,-10.53194,-3111.793,-71.74699,2.617523,0.02503433,21.61965,1.030556,-0.01496778,-0.0008322270000000001,-19767.49,-1890.697,149.6219,6.719967,2174.199,79.30092,-0.6349213,0.03249489,-4.849445,-0.9159399,0,0,-0.6503813000000001,-5.809749,0.1099577,0.004859593,3.014098,0.2729649,-0.0003993773,1.806491e-05,-0.01390527,-0.003217151,-1.573872e-05,-5.633063e-07,311.7738,24.04303,-0.3272054,-0.01742139,-14.86041,-1.155409,0.0005126137,-1.802251e-05,0.1466898,0.01320454,3.443962e-05,1.467441e-06,-194.8269,-18.82213,0.2644215,0.01485915,11.01882,0.9242205999999999,-0.002221176,-8.747143000000001e-05,-0.08791423,-0.01025651,0,0,1,1,1
9673,"RC2-580B",-3531.489,2841.889,363.0992,2.183799,6049.581,11.46693,-8.446965000000001,0.3950718,-89.78628999999999,0.3374493,0.08330905,-0.005257117,466654.9,10029.17,-1215.754,-15.33555,-20574.8,-228.7796,37.57688,-1.008394,242.3219,0.4308818,-0.4240603,0.01437061,60265.4,10516.89,1376.495,20.22129,13231.09,20.32179,-38.60688,0.4301468,-198.1545,-0.2907068,0.4123573,-0.006979409,903.8767,509.5365,132.5725,1.733479,863.9181,-39.57048,-4.726512,0.006757644,8.029893,0.357459,0.05101269,0.000388981,92160.95,-109.9497,-427.2171,-5.562535,-4823.285,34.82034,15.98328,-0.02208992,39.4331,-0.2034649,-0.1966994,-0.001559612,-31060.59,-42.56158,313.6062,4.164518,3616.273,-0.7196019,-12.29578,0.006365712,-20.0075,0.006352879,0.1559964,0.001307723,1.951418,0.8509439,0.3936309,0.004431656,3.298623,-0.05165893,-0.0171523,-0.0001037162,-0.01480246,0.0004413188,0.0001876974,1.656794e-06,321.4974,-0.2909789,-1.410967,-0.01678602,-16.66678,0.03241389,0.06405353,0.0004685775,0.1627638,-0.0001534168,-0.0007377838,-7.23096e-06,-205.5271,-0.1091878,1.097458,0.01383119,12.58392,0.01025134,-0.05101326,-0.0004292676,-0.1021873,1.984211e-05,0.0005932503999999999,6.328262e-06,1,1,1
9674,"RC2-620B",-7605.232,-10770.91,73.82096,13.32796,5082.13,613.5364,6.221557,0.04601399,-77.6228,-6.003058,-0.07388264999999999,-0.002630137,461266.4,57515.38,-163.6644,-52.80991,-15741.51,-2327.301,-15.59929,0.1644524,180.6257,22.66954,0.1494859,0.00580484,97872.42999999999,-23543.64,640.0555000000001,49.1036,9223.299000000001,1572.175,-0.5520923,-0.4959789,-150.1319,-16.86356,0,0,568.5234,-729.5508,107.4686,4.283832,714.3229,15.4627,-1.651374,-0.02896753,11.58462,-0.2636391,0.007012747,0.0004243125,94334.3,4493.668,-288.3552,-13.13873,-4152.163,-173.9336,2.625636,0.03177189,29.07403,2.126715,-0.01263878,-0.0007218556,-26315.29,-3533.235,179.6369,8.805987,2966.749,159.8683,-0.7613209,0.01996031,-9.750750999999999,-1.769875,0,0,-0.5466987,-7.002826,0.1314837,0.006249029,3.423515,0.3303204,-0.0006260761,1.480036e-06,-0.01410297,-0.003842868,-1.617966e-05,-5.107927e-07,347.2481,28.74963,-0.3927575,-0.02205405,-16.95451,-1.383145,0.0009610243,2.666822e-05,0.1624323,0.01567707,3.629185e-05,1.449114e-06,-218.6392,-22.46823,0.3134367,0.01833267,12.64055,1.102624,-0.002635161,-0.0001210348,-0.09834666,-0.01216769,0,0,1,1,1
9675,"RC2-710B",-9575.602000000001,-14925.08,13.67161,12.91496,5962.133,832.7606,9.42319,0.1322317,-91.23950000000001,-8.335289,-0.1002783,-0.003620802,536059.6,75479.84,35.0869,-53.28936,-18736.54,-3145.708,-24.22674,-0.02731137,217.5237,31.34668,0.2038344,0.007986717000000001,104156.2,-34311.53,603.1779,52.40098,11249.19,2169.166,2.112203,-0.4906609,-181.8642,-23.44631,0,0,413.2126,-733.7225,119.0449,4.627735,840.449,13.3465,-1.780862,-0.02611378,12.94235,-0.2597226,0.007516237,0.0004654053,109406.5,4789.066,-318.1025,-14.14923,-4859.038,-183.996,2.730106,0.01624838,34.76863,2.28965,-0.01399445,-0.0008126877,-31353.57,-3779.828,197.2895,9.429816000000001,3486.833,171.7936,-0.6969506,0.03703575,-12.39087,-1.918853,0,0,-0.07902144999999999,-8.066202000000001,0.173084,0.008409244999999999,4.098005,0.3761337,-0.001517944,-4.153957e-05,-0.01803052,-0.004322972,-1.364011e-05,-3.695314e-07,397.9483,32.50415,-0.529959,-0.02921238,-18.98269,-1.549722,0.003522092,0.0001527199,0.1786921,0.01741078,3.308526e-05,1.288666e-06,-242.7152,-24.92363,0.4156571,0.02350189,13.70919,1.213779,-0.004411265,-0.0002061147,-0.1039238,-0.01328956,0,0,1,1,1
9666,"RC2-790B",-15954.76,-20180.16,-375.511,-0.03199276,4638.975,986.1589,18.89359,0.4723538,-75.84838000000001,-9.590198000000001,-0.1446555,-0.005512406,560893.5,93293.59,1283.733,-12.49119,-13171.56,-3625.753,-50.82908,-0.9516711,149.2946,35.22628,0.2809395,0.01123696,161114,-43939.46,-181.817,26.132,6510.794,2473.682,16.61173,-0.002965413,-131.6259,-26.03525,0,0,447.0953,-307.5744,130.0043,4.808053,675.3036,-12.11205,-2.103737,-0.03083573,15.74756,-0.006209792,0.009526635,0.0005588441,114395.6,3439.045,-342.0204,-14.46962,-4379.521,-106.3641,3.385542,0.02373744,30.63727,1.502568,-0.01857767,-0.001039167,-28249.44,-2755.027,206.4245,9.361236,3074.003,115.9305,-0.8350862,0.04578107,-7.260587,-1.332825,0,0,0.1577882,-7.690298,0.1960702,0.008971483000000001,4.174646,0.3538475,-0.002047466,-5.034031e-05,-0.01810567,-0.00412085,-1.167895e-05,-2.989037e-07,422.683,31.4112,-0.5927511,-0.03085563,-19.52064,-1.486407,0.004780455,0.0001734064,0.1866645,0.01681455,2.947101e-05,1.162096e-06,-252.8324,-24.0982,0.4551642,0.02454887,13.96707,1.168925,-0.005072781,-0.0002138268,-0.1051991,-0.01282894,0,0,1,1,1
9667,"RC2-830B",-9244.495999999999,-1646.826,41.74226,-6.676579,6388.284,186.3645,4.319438,0.8343561,-98.82908999999999,-1.02411,-0.01855808,-0.009684444,580759.5,27517.07,-80.18984,13.90879,-18055.61,-673.8055000000001,-5.982391,-2.467923,206.8146,3.523848,-0.08079707999999999,0.02888178,193671.9,7895.15,740.314,1.923236,9182.002,197.9769,-9.514417,1.411153,-166.5879,-1.738896,0.175677,-0.01653035,1314.21,734.4554000000001,181.195,2.709856,1024.847,-59.57291,-6.335722,-0.007750776,13.47718,0.5198524,0.06758015000000001,0.0007872317999999999,129859.1,-104.8429,-568.9548,-8.539070000000001,-6118.163,53.88362,20.9175,0.02389709,50.02243,-0.2676392,-0.2587444,-0.002984852,-39117.41,-98.22598000000001,410.8427,6.21513,4537.707,-2.704725,-15.87854,-0.02481909,-22.57158,-0.01307596,0.2037263,0.002350869,3.411029,0.9793084,0.5687042,0.007343573,4.822793,-0.06790967000000001,-0.02469699,-0.0001960145,-0.02362178,0.0005764209,0.0002672606,2.744829e-06,463.1526,-0.08875387999999999,-2.03312,-0.02710476,-23.01391,0.0462105,0.091679,0.0008145387,0.2262615,-0.0002635144,-0.001042043,-1.133803e-05,-283.2307,0.1306092,1.578995,0.02177048,16.79046,-0.009267764,-0.07271503999999999,-0.0007062799,-0.1350113,0.0003293599,0.0008338748,9.61144e-06,1,1,1
9676,"RC2-930B",-5949.845,4625.228,609.0558,4.794514,10202.81,32.37169,-14.15021,0.5882418,-151.3902,0.3912595,0.1400906,-0.007816808,790491.8,18210.25,-2027.42,-30.2648,-34893.95,-465.996,62.83619,-1.390842,411.0598,1.71679,-0.7144647,0.02011304,97584.24000000001,16486.7,2302.686,37.80055,22519.4,107.5609,-64.74611,0.470106,-336.6741,-1.377808,0.6962766,-0.008407882,1394.71,835.2554,228.742,3.299484,1459.661,-64.7534,-8.354664,-0.01522454,13.27229,0.5773578,0.09115255999999999,0.001000933,155027.7,-124.296,-742.172,-10.81496,-8134.506,53.01733,28.49415,0.06334848999999999,66.82194,-0.2655547,-0.3518184,-0.003932267,-52566.44,-105.3237,546.0787,8.09047,6102.543,2.269767,-21.93816,-0.06466445,-34.12175,-0.04016687,0.2786889,0.003184118,4.477324,1.195496,0.6586746999999999,0.007653755,5.63538,-0.08099154,-0.02842374,-0.0001659544,-0.02591383,0.0007421395,0.0003075351,2.425971e-06,528.8403,-0.3362752,-2.357078,-0.02828713,-26.88172,0.06522483,0.1054627,0.0007152421,0.2581493,-0.000579712,-0.001197932,-1.032567e-05,-325.7267,0.2911242,1.831393,0.02291547,19.67734,-0.01901015,-0.08366571,-0.0006465252,-0.1551753,0.0005677583,0.000958701,9.019847e-06,1,1,1
8132,"RC2-100A",-1077.811,-884.8707000000001,-69.76509,-2.997573,109.2618,33.56694,2.012452,0.1263355,-2.892883,-0.2576729,-0.01113479,-0.00132372,53852.2,4275.925,245.446,10.10851,454.4394,-67.07024,-6.07935,-0.4111367,-9.615563,0.3320979,0.0295902,0.004253336,18718.44,-150.8212,-117.4752,-6.572048,-886.4848,-1.615569,3.333355,0.2774616,8.203989999999999,0.09778551000000001,-0.01533874,-0.002833468,-5.816795,79.35831,12.59551,0.1534102,45.9428,-6.069075,-0.5021335,-0.004135979,1.336346,0.05444403,0.004187297,3.708426e-05,15613.4,5.326827,-36.07711,-0.4590364,-432.8372,3.643155,1.640429,0.01883496,6.429466,-0.01323935,-0.01689208,-0.0001767592,-5610.171,-27.08703,25.59414,0.3587444,317.2733,1.530231,-1.271266,-0.01693891,-3.312163,-0.01526495,0.01389773,0.0001643267,0.1064246,0.1236781,0.05206978,0.0006177556,0.4514863,-0.007935273,-0.002383223,-2.302386e-05,-0.003059229,7.126095e-05,2.411743e-05,1.911198e-07,51.19846,-0.02398393,-0.1869337,-0.002441011,-2.301574,0.004185062,0.009001571999999999,0.0001053223,0.02857058,-2.658448e-05,-9.671630999999999e-05,-9.336704e-07,-31.74634,0.02195065,0.1478366,0.002110557,1.712728,0.0001609946,-0.007286794,-9.629219000000001e-05,-0.01841955,2.62687e-05,7.945908e-05,8.957358e-07,1,1,1
8133,"RC2-1020A",-16836.53,-6487.198,-738.6805000000001,-31.91681,1384.367,182.1535,22.71307,1.29153,-30.91827,-0.5188973,-0.1553972,-0.01263566,707307.2,48749.39,2871.461,107.5746,1557.795,-622.0327,-72.56959999999999,-4.010386,-74.66827000000001,1.122507,0.4083206,0.03788592,141398,-6078.721,-1471.166,-68.48228,-6512.695,115.4616,41.24104,2.564962,53.87273,0.3962235,-0.2063305,-0.02326166,-373.7987,873.0092,122.6113,1.146723,490.3301,-64.85196999999999,-4.981646,-0.02671196,13.09613,0.5916032,0.04242992,0.0002504871,159565.5,-199.0172,-355.4624,-3.505179,-4517.114,49.41174,16.66093,0.1534391,66.99553,-0.279999,-0.1760893,-0.001548484,-58698.94,-89.27697999999999,257.1809,3.007594,3345.027,6.225924,-13.19956,-0.1560622,-35.43052,-0.04835781,0.1479278,0.001631829,-0.2740712,1.545961,0.5204462,0.005431777,4.636567,-0.08846547,-0.02382324,-0.0001987068,-0.03354815,0.0007451768,0.0002409738,1.604467e-06,537.4079,-0.5311527,-1.884249,-0.02311403,-25.13469,0.0362595,0.091322,0.001018089,0.3191752,1.238952e-05,-0.0009864428,-9.141699e-06,-350.0322,-0.2591182,1.501891,0.02113362,19.50104,0.03956796,-0.07481226000000001,-0.0009886420000000001,-0.2164513,-0.0003063986,0.0008221285,9.410110000000001e-06,1,1,1
8134,"RC2-1130A",-22693.81,-10336.5,-1136.172,-49.24458,1529.24,315.1081,36.78367,2.074036,-34.75973,-1.533554,-0.2627588,-0.02119847,747100.3,60345,4157.358,165.0354,3835.829,-888.665,-117.2164,-6.614844,-105.1658,2.623961,0.7481774,0.06625009,192621.8,-9974.118,-2283.932,-107.3905,-9508.183000000001,198.8581,70.31613,4.343298,85.52912999999999,0.2339062,-0.4256973,-0.04250465,-156.8921,994.76,137.5567,1.119941,524.992,-74.38459,-5.438996,-0.01274731,15.09577,0.6882985,0.04482316,2.249932e-05,177938.2,-265.3353,-397.2352,-3.336909,-4960.903,60.69434,18.05182,0.1090702,73.63661999999999,-0.396659,-0.1862851,-0.0007846581,-64804.36,-80.31043,287.6096,3.00152,3664.05,3.627918,-14.3299,-0.1308945,-38.48427,0.001495192,0.1574468,0.0011472,0.1914156,1.925205,0.575147,0.006740749,4.586366,-0.1075592,-0.02608356,-0.0002529051,-0.02977279,0.0009002407,0.0002618694,2.168942e-06,565.6906,-1.168906,-2.054527,-0.02727999,-26.19864,0.06170939,0.09882974999999999,0.001205965,0.3379134,-0.000122179,-0.001063371,-1.10832e-05,-362.0555,0.2588482,1.624676,0.0240916,20.48673,0.02608531,-0.08043266,-0.001125966,-0.228964,-0.0002157721,0.0008813162,1.082276e-05,1,1,1
8135,"RC2-1270A",-19758.26,-2958.983,-730.621,-42.04171,1657.087,-10.50212,24.3306,1.868265,-35.62395,1.895579,-0.1990993,-0.01925288,989667.6,53399.94,3071.034,141.209,-965.2268,-328.8382,-78.38918,-5.820525,-72.01723,-3.725487,0.5109607,0.05864406,116492.2,-3227.922,-1451.346,-88.93689999999999,-5269.08,-77.05591,41.79151,3.717466,39.1263,3.025075,-0.2411007,-0.03646552,-30.87526,1075.564,156.6923,1.587675,575.7054000000001,-80.69707,-6.261583,-0.03494007,16.90756,0.7385108,0.05243867,0.0002869734,196926.2,-202.8575,-448.4897,-4.606514,-5459.675,61.0096,20.51141,0.1796462,81.19320999999999,-0.3529418,-0.212801,-0.001633151,-70941.71000000001,-145.9006,320.1462,3.766801,4013.409,8.338863999999999,-16.02585,-0.1773192,-42.04365,-0.05811478,0.176643,0.001711596,-0.4655864,1.795775,0.6740478,0.006812498,6.277822,-0.1050877,-0.03121251,-0.0002556025,-0.04789469,0.0008943147,0.0003192011,2.103348e-06,700.9114,-0.2953263,-2.465475,-0.02982267,-32.93621,0.03362093,0.120533,0.00133896,0.4139844,6.366119e-05,-0.001310233,-1.224708e-05,-460.7101,-0.6231635,1.975361,0.02766184,25.41247,0.05720695,-0.09906487999999999,-0.001313651,-0.2807832,-0.0004068241,0.001094019,1.270435e-05,1,1,1
8136,"RC2-140A",-1874.265,-1140.836,-108.0263,-5.2205,143.8628,38.26238,3.36866,0.2340966,-3.630138,-0.242332,-0.02211758,-0.002527128,79275,6377.684,385.4911,17.2872,521.0552,-98.68641,-10.23811,-0.746985,-12.79765,0.4306663,0.05776852,0.007989873999999999,21679.25,-884.6371,-194.5951,-11.09834,-1084.602,19.47836,5.669813,0.4907008,10.15814,-0.03907925,-0.02839081,-0.005192914,-13.96764,106.9759,15.20608,0.1137744,59.94921,-8.124059000000001,-0.5911273,-0.0008119411,1.760991,0.07350443,0.004763187,-2.24473e-06,20491.22,-1.896679,-42.65702,-0.2946036,-568.5271,5.308357,1.910776,0.008414932,8.420253000000001,-0.02389894,-0.01955183,-5.267696e-05,-7420.717,-30.95075,30.28498,0.2547386,418.6766,1.703452,-1.497101,-0.01072972,-4.371731,-0.0164428,0.01639168,8.957070999999999e-05,0.2811125,0.1610909,0.08188223,0.0008955207,0.7845142000000001,-0.009675487999999999,-0.004014524,-4.761053e-05,-0.005464091,9.226117e-05,3.979671e-05,3.372174e-07,70.46044000000001,-0.04276215,-0.2969936,-0.00351778,-3.732846,0.003673146,0.01520606,0.000204328,0.04238666,-3.882202e-05,-0.0001578327,-1.551721e-06,-45.49892,0.02847393,0.2350711,0.003060244,2.822571,0.001841594,-0.01223588,-0.0001791743,-0.02853134,3.20444e-05,0.0001288293,1.452414e-06,1,1,1
8137,"RC2-1530A",-28169.57,-12492.56,-1410.609,-62.25819,1879.206,369.4621,46.22463,2.670023,-42.79829,-1.606196,-0.3379295,-0.02773087,938471.1,74307.94,5134.176,206.5892,4853.923,-1037.819,-145.9654,-8.435415000000001,-133.6622,2.3298,0.9538708,0.08601408000000001,241381.9,-11519.02,-2785.754,-133.0618,-11970.74,195.8074,86.54485,5.486959,108.6656,0.9604483,-0.5365326,-0.05477885,139.9553,1132.533,180.2162,2.308758,630.8335,-86.91821,-7.180146,-0.06342027,19.24284,0.787473,0.06016971,0.0005828887,220430.7,33.11172,-516.4848,-6.947237,-6059.896,55.68574,23.43334,0.2822048,90.2283,-0.2523519,-0.2420244,-0.002692402,-78763.41,-343.3974,366.828,5.427319,4439.31,18.18124,-18.16986,-0.2521952,-46.30528,-0.1632945,0.1991622,0.00247917,0.4049391,2.190109,0.7213783,0.008065734999999999,6.201802,-0.1243052,-0.03280789,-0.0002991279,-0.04321576,0.00103025,0.0003302017,2.501738e-06,734.9503,-0.8098918000000001,-2.582757,-0.03281663,-34.22223,0.04965206,0.1244813,0.001442414,0.4371592,8.992705e-05,-0.001340405,-1.30558e-05,-474.8187,-0.239984,2.0442,0.02916408,26.58776,0.05416637,-0.1013578,-0.001358304,-0.2956972,-0.0004585432,0.001111017,1.292664e-05,1,1,1
8138,"RC2-180A",-3246.827,-1465.943,-172.7692,-8.075434,206.4412,42.10851,5.77722,0.3586647,-4.762145,-0.1713807,-0.04320196,-0.003823726,107539.6,8648.135,622.6917,26.73131,583.4659,-118.6651,-18.17834,-1.140871,-15.78611,0.2278932,0.1222132,0.0120116,27325.31,-1415.038,-339.8278,-17.2602,-1383.187,21.73537,10.75621,0.7452936,12.71949,0.1457963,-0.06842677,-0.007731314,-20.50782,137.2689,22.09042,0.3003235,75.80753,-10.26599,-0.9135223,-0.01009315,2.17233,0.09317016,0.008013691999999999,0.0001040897,25558.55,-21.32311,-65.14063,-0.9565895,-712.8339,7.353467,3.056798,0.04436835,10.58288,-0.03804199,-0.03230947,-0.0004647567,-9249.690000000001,-20.44377,46.96248,0.7601696999999999,524.7397999999999,1.376794,-2.386883,-0.03894614,-5.510518,-0.01205005,0.02656433,0.0004134074,0.1190959,0.199823,0.09368899,0.001094235,0.8842455,-0.01268862,-0.004344084,-4.242159e-05,-0.006832686,0.0001149332,4.451876e-05,3.603412e-07,93.54228000000001,-0.05379638,-0.3433282,-0.004505544,-4.286815,0.007202626,0.01664974,0.000199352,0.05249012,-4.899233e-05,-0.0001796836,-1.812364e-06,-60.61663,0.0294446,0.273849,0.003975946,3.237186,0.0005624344,-0.01355734,-0.0001847706,-0.03522212,3.626298e-05,0.0001482681,1.75883e-06,1,1,1
9652,"RC2-100B",-758.062,-738.3599,-14.62131,-1.386564,722.7951,48.30951,0.8504356,0.123646,-11.82331,-0.425923,-0.0004256491,-0.001481214,57616.23,3648.433,21.47753,3.482365,-1722.8,-108.7534,-1.128894,-0.3816262,21.13521,0.8311997,-0.01563134,0.004631462,28261.57,1000.796,75.20180999999999,-1.046509,718.0118,19.99238,-1.086905,0.2336097,-15.8661,-0.2218245,0.02508333,-0.002863365,164.1706,93.4652,23.79411,0.3556599,133.3382,-7.62638,-0.8338985,-0.001135897,1.762707,0.06595457,0.008884896,0.0001036124,16900.39,-5.762121,-74.63208,-1.113216,-795.1984,6.54714,2.745153,0.003054531,6.458978,-0.02852718,-0.03385783,-0.0003862585,-5087.398,-19.30272,53.72908,0.8033347,589.1306,0.02483504,-2.073482,-0.002793727,-2.89186,-0.006822963,0.02652671,0.0002994495,2.622922,0.1951314,0.2743748,0.004789501,2.453889,-0.01910294,-0.0102556,-3.947668e-05,-0.01550904,0.000151195,0.0001171623,9.906009e-07,99.22982,0.008244944000000001,-1.011721,-0.01785375,-10.28943,0.02615254,0.03820875,0.0001548884,0.08794744,-0.0001550039,-0.0004491986,-3.895087e-06,-58.47759,0.0200019,0.7843362,0.01391957,7.811075,-0.01328805,-0.03014824,-0.0001450335,-0.05989941,0.0001346718,0.0003560547,3.285132e-06,1,1,1
9653,"RC2-1020B",-12477.28,-2796.3,5.746672,-11.86757,8470.694,257.7704,5.82633,1.232113,-132.3189,-1.44428,-0.007237477,-0.014182,753971.8,36211.11,-37.36082,26.96437,-23873.34,-853.8005000000001,-4.825449,-3.60682,278.8965,4.202457,-0.1926782,0.04173513,250330.1,10440.77,957.8045,-2.724859,12273.44,218.3688,-16.36819,2.060088,-223.8966,-1.743815,0.3094932,-0.02377771,1676.088,917.3266,240.2664,3.718298,1347.801,-75.35673,-8.452318,-0.02057445,17.61488,0.6465795,0.09021218,0.001162454,170068,7.376625,-748.8727,-11.3955,-8014.731,61.67801,27.59119,0.04832935,65.55759,-0.2355721,-0.3408356,-0.004144385,-50743.05,-220.5181,534.6125,7.952384,5924.618,2.350657,-20.61583,-0.02726596,-29.33139,-0.09406509,0.2644701,0.003045715,3.497497,1.692079,0.7629114,0.008661372000000001,6.542924,-0.1052797,-0.03304831,-0.0002003205,-0.03329757,0.0008676581,0.0003579431,3.04962e-06,644.2293,-0.7170328,-2.743912,-0.03327448,-32.68878,0.07643291000000001,0.1239307,0.0009327409,0.3304381,-0.0002928071,-0.001413945,-1.370526e-05,-414.2803,-0.1016682,2.140827,0.02775156,24.93856,0.01272194,-0.09909204000000001,-0.0008709247,-0.2134634,-1.826393e-05,0.001142449,1.226069e-05,1,1,1
9654,"RC2-1130B",-19233.31,-7573.106,-388.0252,-26.74833,9321.912,453.3865,20.76928,1.966947,-146.3642,-3.093922,-0.1208436,-0.02244711,796994.5,50368.66,1155.852,72.67045,-23833.68,-1304.807,-49.66146,-5.923934,280.3317,7.594139,0.1424194,0.06775607,315242,5680.937,265.3961,-31.25083,10826.21,416.7137,11.0702,3.553883,-216.1874,-3.137495,0.1106567,-0.04047267,1737.269,1126.586,275.0206,4.206643,1525.99,-90.10865,-9.783818,-0.02319719,19.6459,0.7934343,0.1048005,0.001291173,192347,-322.776,-871.0267,-13.46698,-9087.637000000001,88.26900000000001,32.6266,0.0832176,74.65536,-0.4994112,-0.402188,-0.004929568,-58540.82,-14.209,632.0170000000001,9.893127,6748.503,-10.88925,-24.85854,-0.07604671,-34.06169,0.06268106,0.317082,0.003899095,4.049313,2.057978,0.8281944,0.01030424,6.63702,-0.1231729,-0.03553543,-0.0002580056,-0.02803723,0.0009784962,0.0003852329,4.010592e-06,677.2144,-1.127532,-2.946776,-0.038596,-34.58485,0.08820719,0.1320879,0.001130824,0.3485082,-0.0001785635,-0.001515109,-1.713606e-05,-428.8979,0.1441677,2.28662,0.03161746,26.61634,0.01535545,-0.1052023,-0.001018694,-0.2247942,-0.0001665288,0.001220546,1.484002e-05,1,1,1
9655,"RC2-1270B",-13238.96,1805.914,371.5915,-4.028942,10920.87,113.1939,-3.377744,1.15792,-167.7437,0.2403818,0.05140274,-0.01372692,1057036,38392.36,-1111.352,-2.691973,-34670.37,-770.0449,27.22975,-3.200723,394.3328,2.369593,-0.4510616,0.0385942,252841.5,17146.81,1955.861,22.88952,19703.5,167.8851,-43.99325,1.635743,-328.037,-1.377675,0.5419953,-0.01999992,1667.478,1211.698,303.2029,4.686867,1720.486,-97.27677,-10.84275,-0.03310985,21.53999,0.8423424,0.1169774,0.001579026,215619.7,-185.628,-963.1558,-15.20052,-10225.56,86.13502,36.37291,0.1299934,84.62061,-0.393352,-0.4515931,-0.006135628,-66635.00999999999,-154.8055,700.3413,11.23312,7611.206,-2.516046,-27.80402,-0.1165245,-39.25616,-0.05877991,0.357015,0.004876327,3.794267,2.325844,0.9296203,0.01168405,7.695349,-0.1364621,-0.0402499,-0.0003132558,-0.03661711,0.001081172,0.0004374087,4.745352e-06,769.7726,-1.622357,-3.331436,-0.04426822,-39.50612,0.1071764,0.150521,0.00137787,0.403717,-0.0002569325,-0.001726135,-2.036857e-05,-496.1376,0.5332456,2.593933,0.03639612,30.69176,0.005859361,-0.1201767,-0.001234425,-0.2684192,-0.0001350423,0.001393306,1.762131e-05,1,1,1
9656,"RC2-140B",-1328.341,-907.5978,-31.14288,-2.989162,984.5848999999999,57.02445,1.841275,0.2342965,-15.75124,-0.4568585,-0.008837016,-0.002800799,84006.55,5479.063,81.34524999999999,8.446666,-2453.636,-154.22,-4.018743,-0.7370668,28.87673,1.095994,0.004032137,0.008908569,35541.66,698.6138999999999,62.7136,-3.929105,1098.559,49.65873,0.2529957,0.4646382,-22.42077,-0.4841283,0.01863755,-0.005661957,209.5,123.4848,31.48508,0.4984497,175.0667,-10.02112,-1.112741,-0.003433336,2.283555,0.08673649,0.01191489,0.0001603884,22132.13,-14.36052,-98.91518000000001,-1.568154,-1042.93,8.849938999999999,3.670052,0.01064492,8.532793,-0.04041156,-0.04535347,-0.0005910371,-6674.421,-18.12405,71.17950999999999,1.12507,772.8051,-0.2843116,-2.768303,-0.008152041,-3.845527,-0.005363086,0.03546178,0.0004505534,3.346303,0.2422764,0.358016,0.005933541,3.298129,-0.02476131,-0.01326694,-2.717639e-05,-0.02140765,0.0001980632,0.0001511711,9.835582e-07,133.3098,0.07939419,-1.325557,-0.02240049,-13.7965,0.03234823,0.04968078,0.0001248662,0.1191423,-0.0001908184,-0.0005825369,-4.082525e-06,-79.63576999999999,-0.05048235,1.03149,0.01768797,10.49673,-0.01479633,-0.03940266,-0.0001409217,-0.08182477,0.0001525699,0.0004641021,3.644469e-06,1,1,1
9657,"RC2-1530B",-23574.06,-9574.707,-469.674,-31.44252,11664.05,578.4401,25.52929,2.35072,-183.0265,-4.027375,-0.1491518,-0.02676306,997134.8,63387.93,1422.192,85.67373000000001,-29737.55,-1668.854,-62.11838,-7.11641,349.0341,10.02373,0.1897875,0.0811751,400298.6,7152.328,334.2403,-36.2743,13345.31,539.7795,14.82451,4.283668,-267.989,-4.240806,0.1175362,-0.04860698,1865.473,1441.62,350.2798,5.411257,1941.293,-113.5563,-12.748,-0.04701073,24.10448,0.9967554,0.1382517,0.001892754,242690.4,-504.5301,-1121.92,-17.80156,-11534.58,112.4706,43.18999,0.1923848,95.71098000000001,-0.6279455,-0.5353599999999999,-0.007448548,-75285.13,55.28586,820.5096,13.31065,8595.398999999999,-14.94557,-33.18981,-0.1736462,-44.67443,0.07796506,0.424542,0.005987082,4.560517,2.373863,1.03744,0.01314512,8.712382,-0.1404841,-0.04491775,-0.0003584027,-0.04200551,0.00106294,0.0004887881,5.46539e-06,868.8518,-0.9278497,-3.705504,-0.04932682,-44.55054,0.072782,0.1673932,0.001547168,0.4552627,0.0002755216,-0.001922574,-2.309965e-05,-560.0818,-0.134972,2.877054,0.04025815,34.55854,0.04502017,-0.1332629,-0.001369547,-0.3022239,-0.0006046809,0.001547507,1.977211e-05,1,1,1
9658,"RC2-180B",-2786.237,-1183.685,-59.1629,-4.145446,1328.317,68.43232999999999,3.062103,0.300534,-20.83102,-0.4747395,-0.01724454,-0.003462917,114375.1,7580.642,176.9307,11.46342,-3376.331,-199.3623,-7.355507,-0.9133737,39.44855,1.201026,0.01935028,0.01057196,45540.44,600.7478,31.74444,-5.197677,1508.005,66.672,1.693679,0.5545989,-30.2999,-0.5098522,0.0171988,-0.006411288,218.4155,163.0392,40.78954,0.6617304000000001,223.0303,-12.92635,-1.492567,-0.007480699,2.773264,0.1133964,0.01620492,0.0002413887,27889.21,-49.88893,-130.6584,-2.176056,-1325.105,12.54561,5.05336,0.02895357,11.0043,-0.06878527,-0.06256776,-0.0009347619,-8622.82,1.813555,95.35423,1.613058,986.6835,-1.505912,-3.870139,-0.02437572,-5.129868,0.007287508,0.04944216,0.0007390167,4.135309,0.2802508,0.4839942,0.008297077999999999,4.526755,-0.03038209,-0.01822593,-6.34262e-05,-0.03197063,0.0002471154,0.000207317,1.52195e-06,180.8022,0.1604331,-1.806995,-0.03180367,-18.73798,0.03963851,0.06885921,0.0002898829,0.1673627,-0.0002452877,-0.0008032782,-6.465514e-06,-111.7169,-0.1348554,1.412768,0.02535489,14.31526,-0.01700301,-0.0548728,-0.0002966245,-0.1173718,0.0001808239,0.0006427573,5.809374e-06,1,1,1
9659,"RC2-200B",-1870.232,-1264.574,-33.2982,-3.729665,1410.87,80.95148,1.936362,0.3031371,-22.72645,-0.6531886,-0.003847203,-0.003645136,117797.5,7339.927,68.70148,10.20178,-3466.899,-202.2286,-3.104848,-0.9463755,41.34346,1.392305,-0.02551981,0.01152628,51027.18,1387.208,124.6331,-4.342679,1557.803,53.64032,-1.580468,0.5909059,-32.11308,-0.5117872,0.04930646,-0.007269185,266.2563,181.2506,46.06439,0.7277686,258.1252,-14.63171,-1.6431,-0.005583007,3.259718,0.1268863,0.01765004,0.0002406173,32411.72,-26.28419,-145.8956,-2.330909,-1534.522,13.05369,5.48106,0.0196633,12.68746,-0.06102484,-0.06773207000000001,-0.0009090485,-9946.963,-22.58576,105.7657,1.701557,1140.736,-0.5419375,-4.170622,-0.01640809,-5.849883,-0.006301219,0.05332302,0.0007082912,4.858963,0.3835641,0.5107405,0.008600593,4.602636,-0.03734133,-0.01895314,-4.836907e-05,-0.02868869,0.0003022909,0.0002163909,1.55961e-06,186.806,-0.009474059999999999,-1.88391,-0.03217467,-19.33525,0.05237525,0.07067035000000001,0.0002008567,0.1644582,-0.0003379884,-0.0008310237,-6.262556e-06,-109.5884,0.05078461,1.462081,0.02521008,14.67207,-0.02688391,-0.05586139,-0.0002087632,-0.1116615,0.0002853787,0.0006598886,5.421537e-06,1,1,1
9668,"RC2-230B",-2730.965,-1200.787,-1.36477,-3.878946,2482.439,104.0819,1.372514,0.359869,-37.5655,-0.8519601999999999,0.004333016,-0.004289191,165815.5,9162.575999999999,-45.97696,9.459849,-6939.786,-301.4685,0.2354865,-1.083341,83.60541000000001,2.27143,-0.07488174,0.01308487,53065.18,1748.115,263.3829,-2.5705,3854.828,109.9339,-5.57437,0.6419606,-64.04765999999999,-1.138772,0.1010146,-0.007831612,316.8323,239.0724,63.76634,0.9690427,399.2325,-18.22669,-2.381931,-0.008792006999999999,3.502176,0.1654026,0.02613697,0.000322908,42228.54,-81.76385999999999,-210.0002,-3.307072,-2224.324,16.98113,8.274471999999999,0.03948452,18.43713,-0.105955,-0.1019427,-0.001314201,-14609.87,6.906741,156.4175,2.553683,1675.517,-1.35892,-6.452436,-0.03837982,-9.593211,0.01452858,0.08153661,0.001096369,6.105745,0.6536908,0.6446272,0.01040406,5.572892,-0.05049439,-0.02419165,-5.832765e-05,-0.03240246,0.0004037326,0.0002773368,2.043409e-06,238.3883,-0.3455966,-2.370911,-0.03874707,-24.3031,0.06696390000000001,0.09003650000000001,0.0002374025,0.2037748,-0.0003820466,-0.001064285,-8.12997e-06,-147.8715,0.09294946,1.835343,0.03026474,18.7699,-0.02438426,-0.07098844,-0.0002434881,-0.1413182,0.0002145841,0.0008433741,6.923176e-06,1,1,1
9660,"RC2-260B",-7584.536,-14839.47,-387.6837,-6.332222,1756.866,715.5771999999999,14.01584,0.3598752,-29.66444,-7.426331,-0.09097202,-0.003720847,173033.3,57528.65,1194.276,13.46473,-4577.817,-2497.024,-37.53995,-0.8026236,59.21994,25.95655,0.1798508,0.007661976,52606.08,-34311.43,-518.0538,0.3014385,2446.666,1768.425,15.06691,0.113522,-51.25608,-19.0787,0,0,185.4057,-25.90892,46.19451,1.674246,228.6943,-7.958728,-0.7901861,-0.01264328,5.426889,0.03867498,0.004006261,0.0002263167,38956.61,883.3179,-121.1818,-4.961812,-1482.845,-22.30641,1.307724,0.01083953,10.30266,0.3630858,-0.007858627,-0.0004266612,-9350.110000000001,-715.1423,71.89312,3.121675,1032.964,28.7547,-0.3006273,0.01826008,-2.251631,-0.3387223,0,0,6.026162,-8.799894999999999,0.4687048,0.02444427,5.085691,0.3929566,-0.006081728,-0.0002431094,-0.02321411,-0.004480195,2.473784e-05,1.573391e-06,221.1163,33.89235,-1.524734,-0.08165769,-21.40757,-1.543105,0.0143665,0.0005405119,0.1592253,0.01729927,-3.092524e-05,-1.914025e-06,-124.3589,-25.90631,1.091204,0.05896902,16.03834,1.200939,-0.008542243,-0.0002914422,-0.1008969,-0.0132246,0,0,1,1,1
9661,"RC2-300B",-4684.489,-2074.475,-104.6189,-7.239702,2237.13,120.2892,5.326717,0.5163358,-35.0663,-0.8688531,-0.0297571,-0.005915397,193012.3,13018.68,316.7908,20.4073,-5626.262,-350.5667,-13.07794,-1.583967,65.31823,2.247059,0.0362837,0.0182065,77881.53999999999,924.2692,40.90552,-9.624321999999999,2475.527,120.8442,3.357989,0.9713416,-50.06092,-1.005745,0.02608025,-0.0111346,466.0423,266.8023,65.88862,0.9753733,370.3932,-21.61362,-2.295358,-0.001838368,4.853022,0.1888999,0.02432603,0.0002652933,46928.03,-41.7556,-207.2538,-3.08247,-2210.29,19.73684,7.583113,0.005466454,18.11055,-0.09991984,-0.09313802,-0.001010478,-14150.83,-34.89932,149.8153,2.255981,1639.203,-1.067588,-5.758793,-0.00709982,-8.184424999999999,-0.00362587,0.07334942,0.0008029572,7.272674,0.8078986,0.7255977,0.01251559,5.97903,-0.0610855,-0.02710142,-0.0001091589,-0.0322608,0.0004596164,0.0003109232,2.935868e-06,260.1003,-0.5663686,-2.645711,-0.04577064,-26.36206,0.0839395,0.09992775,0.0003926084,0.2171241,-0.0004040795,-0.001185152,-1.11143e-05,-155.3165,0.3186002,2.036663,0.03521419,20.32427,-0.03560228,-0.07828572,-0.0003454638,-0.1478328,0.0002583769,0.0009337508,9.010134999999999e-06,1,1,1
9669,"RC2-310B",-3125.652,-248.5296,100.5047,-1.28947,3169.132,82.34209,-1.538568,0.3057356,-47.21107,-0.5955709,0.02655191,-0.00385645,232059.3,9457.066000000001,-364.8853,-0.3294912,-9790.26,-301.2063,10.70031,-0.8481749,115.0932,2.098634,-0.1684773,0.01111199,49883.16,3345.736,545.2394,5.547666,5872.107,106.5613,-14.31331,0.4357944,-91.45010000000001,-1.155053,0.1810956,-0.006008666,464.6978,300.1007,77.63772,1.086668,492.7368,-22.94854,-2.835006,-0.002769465,4.495682,0.2087414,0.03083615,0.0003000185,52419.24,-104.1718,-253.0264,-3.610558,-2749.727,21.69071,9.720293,0.01562451,22.54747,-0.1384049,-0.1195293,-0.001220697,-17858.84,8.167196000000001,186.9353,2.745125,2065.318,-1.943493,-7.518379,-0.01968741,-11.5411,0.02162651,0.09505615000000001,0.001018615,7.541064,0.8617941,0.7643449,0.01329985,6.190227,-0.06372654,-0.02874374,-0.000129419,-0.02991004,0.0004946162,0.0003320735,3.395212e-06,269.1724,-0.6085735,-2.784416,-0.04850693,-27.48405,0.0843512,0.1058483,0.0004620388,0.218499,-0.0004257075,-0.001264497,-1.278898e-05,-159.3511,0.4235555,2.141456,0.03718248,21.20191,-0.03726196,-0.0827814,-0.0003939302,-0.1483023,0.0002993082,0.0009942561,1.023359e-05,1,1,1
8139,"RC2-200A",-2484.284,-1686.046,-149.9689,-6.998354,206.8537,59.7438,4.556582,0.3072945,-5.346876,-0.4188716,-0.02816567,-0.003280928,110127.5,8980.914000000001,535.8629,23.44208,813.1953,-145.0658,-13.96932,-0.9928285,-18.62229,0.725123,0.07491054,0.01049475,32462.87,-1142.964,-271.627,-15.21385,-1601.929,27.75946,7.863392,0.6610538,14.92569,-0.09733575999999999,-0.0381233,-0.006907959,25.44173,165.975,23.98027,0.246828,83.75131,-12.44518,-0.9473717,-0.004789839,2.593607,0.1151276,0.007824503999999999,3.057294e-05,29517.11,-46.46487,-68.50962,-0.7048903,-808.5947,10.32211,3.082611,0.02442448,12.04003,-0.06837041000000001,-0.03152417,-0.0001888139,-10518.86,-8.557997,48.60776,0.5610186,591.739,0.3307325,-2.391018,-0.02394091,-6.157895,0.003633223,0.02600239,0.0002054286,0.2227589,0.2378076,0.1000379,0.001186619,0.87592,-0.01514334,-0.004568908,-4.386941e-05,-0.006008915,0.0001353759,4.61701e-05,3.609425e-07,98.54492999999999,-0.05846289,-0.3598502,-0.0047106,-4.440748,0.008341072,0.01728027,0.0002017182,0.05492898,-5.183862e-05,-0.0001852983,-1.779062e-06,-61.45386,0.05001061,0.2848986,0.004086745,3.310473,6.022725e-05,-0.01400101,-0.0001851964,-0.03556558,4.978146e-05,0.0001523692,1.717079e-06,1,1,1
8140,"RC2-230A",-3467.688,-1779.297,-152.9422,-7.938851,807.0023,73.06668000000001,4.594266,0.357325,-13.58312,-0.491864,-0.0246014,-0.003783118,153710.2,11193.36,558.6283,26.09897,-966.7239,-206.8278,-13.23679,-1.121928,0.577348,1.117103,0.04707704,0.01170913,31216.75,-1388.098,-249.9448,-16.36939,-562.2698,58.06061,6.272431,0.7225591,0.8988376,-0.3499438,-0.007166619,-0.007405524,31.78762,197.8796,36.36803,0.4993036,167.7939,-14.3054,-1.510018,-0.01505963,2.785229,0.1343969,0.01375166,0.0001496053,38185.39,-31.18196,-112.1603,-1.663376,-1259.002,9.34478,5.17329,0.06723787000000001,17.07549,-0.05755623,-0.05522316,-0.0006849168,-14792.63,-28.51785,82.70134,1.349298,939.2098,2.750563,-4.074275,-0.06042593,-9.471406,-0.01434342,0.0453991,0.0006274515,0.3193605,0.3724335,0.1359968,0.001724932,1.121471,-0.02051484,-0.006184113,-6.459445e-05,-0.007593189,0.0001796161,6.275806e-05,5.638933e-07,126.2045,-0.2199872,-0.489978,-0.006797208,-6.037233,0.01041264,0.02337687,0.0002898678,0.07477886,-3.429166e-05,-0.0002512816,-2.662458e-06,-82.69991,0.09440493,0.387128,0.00584845,4.709628,0.00422366,-0.01891306,-0.0002628001,-0.05149874,-1.104721e-05,0.0002063884,2.510322e-06,1,1,1
8141,"RC2-260A",-3682.899,-1692.379,-157.3883,-8.746642,837.9647,67.80161,4.71244,0.3970494,-14.08815,-0.4199102,-0.02502666,-0.00422449,159333.5,11072.61,571.5066,28.75299,-1052.616,-188.4026,-13.35784,-1.250325,1.338121,0.8611442,0.04472654,0.01312889,31036.63,-1102.723,-251.1893,-18.09695,-519.5459,42.08114,6.074757,0.8063773,0.1738692,-0.151785,-0.002422809,-0.008325977,16.31303,206.5187,36.08017,0.4173649,173.8687,-14.93248,-1.488841,-0.01024946,2.84406,0.1412211,0.01345964,9.259079999999999e-05,39273.32,-45.34641,-110.117,-1.330192,-1298.748,10.55974,5.063789,0.04839078,17.5965,-0.07198337,-0.0540267,-0.0004614939,-15230.12,-18.3145,80.70323999999999,1.075418,968.5505000000001,2.040808,-3.974881,-0.04511902,-9.76606,-0.004247508,0.04434969,0.0004460289,0.3291408,0.3891642,0.1405862,0.001853211,1.119292,-0.02129026,-0.006411011,-7.173423e-05,-0.007370168,0.0001854112,6.527988e-05,6.529926e-07,127.4345,-0.2524575,-0.5060583,-0.007257107,-6.07761,0.01142443,0.02420633,0.0003167196,0.07543830999999999,-3.783156e-05,-0.0002609461,-2.998186e-06,-82.96863999999999,0.1339311,0.3991578,0.00617504,4.739057,0.003123701,-0.01954286,-0.0002823683,-0.05179725,-1.88573e-06,0.0002137911,2.756407e-06,1,1,1
8142,"RC2-300A",-4038.684,-1147.022,-123.6566,-8.046906,959.0253,47.99029,3.833088,0.3725443,-15.64836,-0.2010268,-0.02239851,-0.003949095,202743.6,11913.27,500.6684,26.2663,-1914.764,-189.2881,-10.73961,-1.138828,7.632277,0.7719207,0.02978339,0.01187763,21474.19,-1026.88,-185.3995,-15.95683,109.1819,51.2764,3.950567,0.7108305,-7.047788,-0.265331,0.0118118,-0.007249644,51.8963,223.0162,38.46189,0.3677623,195.7905,-16.35382,-1.537999,-0.005492216,3.279703,0.1524558,0.01334715,3.053304e-05,44728.5,-0.3564412,-114.2666,-1.06538,-1470.464,9.240031999999999,5.113546,0.02968616,19.97809,-0.04678206,-0.05342622,-0.0002191107,-17237,-62.91746,82.50033999999999,0.8494655,1094.357,4.646833,-3.982491,-0.03035797,-11.03523,-0.03373986,0.04380676,0.0002556574,0.2458449,0.4531485,0.1637215,0.001992012,1.377629,-0.02482833,-0.00752444,-7.654155e-05,-0.009709379000000001,0.0002199629,7.709269999999999e-05,6.841065e-07,152.5291,-0.3141291,-0.594786,-0.0080266,-7.330874,0.01515516,0.028656,0.0003514345,0.09053991,-7.576132e-05,-0.000310246,-3.307015e-06,-100.9857,0.1354581,0.4715343,0.006973911,5.726532,0.00331392,-0.02324404,-0.0003207853,-0.06269631000000001,7.636057e-06,0.0002552881,3.129946e-06,1,1,1
8143,"RC2-310A",-4287.981,-1168.067,-134.6817,-8.897736,1017.279,47.91629,4.278807,0.4176716,-16.61007,-0.1748131,-0.02639186,-0.004477059,215198.3,12419.63,539.7595,29.00422,-2020.143,-187.6531,-11.99717,-1.281627,7.950117,0.6564861,0.03960111,0.01355561,22837.02,-900.1952,-199.793,-17.63907,111.0778,43.76122,4.497697,0.8023396,-7.433371,-0.1524358,0.008039775000000001,-0.008330339000000001,21.598,248.3663,42.66777,0.4618316,211.6781,-17.95229,-1.751982,-0.01057249,3.467727,0.168665,0.01574215,9.597933999999999e-05,47890.14,-32.8925,-130.2158,-1.521129,-1584.409,11.42274,5.984558,0.05576388,21.4499,-0.06847063,-0.06391926000000001,-0.0005459937,-18635.67,-47.18564,96.06227,1.2946,1184.072,4.001963,-4.741553,-0.05573898,-11.9365,-0.02475469,0.05305063,0.0005687603,0.3910678,0.472426,0.1684546,0.002138704,1.366009,-0.02588616,-0.007666462,-8.103082e-05,-0.008998915999999999,0.0002254654,7.791312000000001e-05,7.232968e-07,155.3699,-0.3002894,-0.6059679,-0.008395697000000001,-7.413167,0.01367195,0.02894956,0.0003620342,0.09199255000000001,-4.368787e-05,-0.0003118369,-3.382306e-06,-101.1999,0.1543933,0.4784428,0.007201381,5.781099,0.004153839,-0.02340663,-0.0003267748,-0.06318843,-6.186557e-06,0.000255948,3.162775e-06,1,1,1
8144,"RC2-320A",-9765.796,-11941.26,-570.9279,-17.89337,287.068,514.2798,15.44898,0.509727,-9.670889000000001,-5.157256,-0.08576976,-0.003526474,223113.4,50184.38,1940.545,56.16554,220.8996,-1857.318,-43.90492,-1.32456,-10.51749,18.58736,0.1595176,0.006681903,24977.41,-28870.12,-1113.139,-33.01501,-1207.275,1307.729,21.46562,0.5670037999999999,0.53088,-13.78931,0,0,-471.8405,81.70005999999999,15.37038,0.1732515,68.41245000000001,-10.81629,-0.313291,0.002291545,4.352658,0.0705272,-0.001813031,-7.454927e-05,45981.39,604.2116,-24.59249,-0.3899096,-1013.912,-17.55455,0.4735474,0.005280211,17.0165,0.3117,0.002923946,0.0001252424,-15801.26,-551.635,11.94795,0.3581014,730.6711,27.56849,-0.355207,-0.0127014,-8.09069,-0.3271517,0,0,-0.7461496,-2.034527,0.04505327,0.001746544,1.214013,0.09696032,-0.000453521,-9.596778000000001e-06,-0.008502391,-0.001175558,-1.066328e-05,-4.543669e-07,153.1423,8.975847999999999,-0.1345268,-0.006727225,-6.657522,-0.441905,0.001602026,8.924284e-05,0.08651765,0.005131207,2.263658e-05,1.046618e-06,-97.71586000000001,-7.037868,0.1170708,0.006300059,5.159831,0.357963,-0.002456658,-0.0001369503,-0.05798243,-0.004018245,0,0,1,1,1
8145,"RC2-340A",-4803.75,-1313.596,-138.4138,-8.599716000000001,1132.413,54.47857,4.281715,0.3964702,-18.47178,-0.2060228,-0.02554552,-0.004207878,236064.5,13820.05,563.3475,27.73539,-2366.092,-218.4603,-11.83796,-1.187404,11.15183,0.8175568,0.03235845,0.01237893,23461.75,-1235.032,-204.5698,-16.57269,254.5485,59.62068,4.203955,0.7294882,-10.12,-0.2549877,0.01455138,-0.007419557,34.2776,255.3459,47.00296,0.6124563,229.0674,-18.57978,-1.962329,-0.01894473,3.709526,0.1716979,0.01800168,0.0002040914,51578.96,1.788911,-142.9535,-1.980036,-1707.887,9.881360000000001,6.669072,0.08389085,23.21918,-0.04123341,-0.07213213,-0.0009142793,-19971.24,-71.73716,104.6855,1.591316,1273.376,5.793585,-5.235995,-0.07499246,-12.89324,-0.0471517,0.05918642,0.0008248035,0.6198598,0.4997837,0.2077234,0.002369955,1.841774,-0.02592435,-0.01010179,-0.0001228103,-0.01193922,0.0002373568,0.0001004681,9.239732e-07,170.6755,-0.2796811,-0.7519815,-0.009296005,-9.39678,0.007331793,0.03822198,0.0005263848999999999,0.1072042,-2.555194e-05,-0.0003987279,-4.201603e-06,-113.9118,0.09609751,0.5936074,0.008035673,7.351306,0.01147616,-0.03072494,-0.0004601195,-0.07514157,-3.95599e-05,0.0003253349,3.880958e-06,1,1,1
8146,"RC2-370A",-7857.151,-8349.714,-370.3561,-11.44012,906.9926,375.6049,10.47829,0.3476937,-17.36351,-3.704288,-0.06283208999999999,-0.002525723,273125.8,40935.46,1350.871,36.03355,-2204.152,-1438.96,-30.3815,-0.8809083,12.55966,14.10377,0.1156641,0.004747754,13320.7,-21187.49,-713.7345,-20.15339,441.8005,1001.144,14.17516,0.3569538,-17.41296,-10.59369,0,0,-336.921,-86.5583,23.02381,0.5449268,156.9167,-3.014851,-0.4637549,-0.004177328,4.751807,-0.01405903,-0.001469418,-4.981731e-05,54413.7,1344.765,-45.5596,-1.549323,-1457.915,-53.40018,0.783991,0.02252975,21.33746,0.6982965,0.002706408,0.0001058423,-19637.83,-1122.172,26.1212,1.193022,1059.592,56.46539,-0.549341,-0.02447671,-10.7061,-0.6306646,0,0,-0.7091323,-2.401991,0.05803746,0.002330634,1.417731,0.1146426,-0.0006628244,-1.71753e-05,-0.008740217,-0.001372683,-1.136564e-05,-4.847964e-07,175.1487,10.54956,-0.1744666,-0.008755880000000001,-7.768682,-0.5197694,0.002177415,0.0001173337,0.09790069999999999,0.005989169,2.467832e-05,1.152477e-06,-111.3062,-8.234983,0.1483265,0.007950265999999999,6.012234,0.4192983,-0.002997888,-0.0001653503,-0.06555349000000001,-0.004678029,0,0,1,1,1
8147,"RC2-410A",-15107.45,-20594.03,-944.1999,-29.17933,593.7507000000001,906.8469,26.21694,0.8571436,-16.38195,-9.254508,-0.14786,-0.006250073,284985.2,81941.71000000001,3111.556,89.50758,-159.8391,-3214.723,-73.18304000000001,-2.19144,-3.431846,32.79287,0.2781013,0.01197217,31469.56,-49884.62,-1794.752,-51.23796,-1195.204,2285.388,35.21796,0.8800192,-6.959316,-24.23884,0,0,-421.3144,166.9702,23.56288,0.3737388,72.17058,-17.20811,-0.5272048,-0.00248249,5.906543,0.1271993,-0.001322832,-4.153084e-05,58758.96,545.7265,-41.45723,-0.8642006,-1238.644,-10.46568,0.8771326,0.01772046,21.0696,0.2657473,0.001972045,6.171783e-05,-19471.23,-520.1382,20.22356,0.5984808,876.3696,25.72649,-0.5357824,-0.01788512,-9.566032,-0.3110684,0,0,-1.663185,-2.887254,0.02240452,0.0007710424999999999,1.510273,0.1386766,0.0005242092,3.433107e-05,-0.0109416,-0.001674178,-2.102786e-05,-9.172055e-07,192.5463,12.72369,-0.06005509,-0.004248674,-8.610264000000001,-0.6271202,-0.0009493239000000001,-4.03779e-06,0.1138658,0.00725856,4.269085e-05,1.965366e-06,-123.1366,-10.14587,0.07945961999999999,0.005538741,6.662837,0.5133829,-0.001728094,-0.0001264975,-0.07511215,-0.005741523,0,0,1,1,1
8148,"RC2-430A",-7853.574,-3853.129,-405.8278,-18.75711,494.0544,120.3177,12.93081,0.8097135,-11.51881,-0.6598399,-0.08855382000000001,-0.008447239,264559.2,21947.96,1467.569,62.54611,1684.744,-336.7378,-40.53287,-2.587393,-42.90263,1.277736,0.2434672,0.02656465,71104.53999999999,-3698.197,-791.6571,-40.64234,-3654.968,78.47394,23.7173,1.701669,34.91385,-0.1003918,-0.1309896,-0.0171519,7.382492,330.5001,50.73623,0.5786701,187.6339,-25.2154,-2.024335,-0.01491687,5.533488,0.2271855,0.01692946,0.0001388808,64275.95,9.515708,-143.4592,-1.660137,-1778.728,15.73179,6.552527,0.068256,26.49785,-0.06400579000000001,-0.06799827,-0.0006615929,-23024.73,-103.0481,101.2029,1.296501,1303.68,5.824443,-5.067721,-0.06249497,-13.65894,-0.05673847,0.05591956,0.0006252514,-0.05820309,0.6649014,0.1958499,0.002196962,1.568967,-0.03638481,-0.008884615,-8.350841e-05,-0.01004238,0.0002891843,8.91533e-05,7.334068e-07,198.7083,-0.2175723,-0.6944349,-0.008960291,-9.312626,0.009734309999999999,0.03362104,0.0004068743,0.1213163,0.0001144976,-0.0003637203,-3.825294e-06,-126.5859,-0.1302101,0.5490327,0.008016913000000001,7.255754,0.02167619,-0.02743257,-0.0003847667,-0.08094008,-0.000216757,0.0003025457,3.774515e-06,1,1,1
8149,"RC2-470A",-8242.536,-3490.787,-410.7817,-18.02747,619.9035,101.4694,13.09409,0.7473799,-14.00359,-0.3841356,-0.09235138,-0.007551976,288346.2,21689.21,1513.907,60.38678,1342.822,-277.7095,-41.53377,-2.366204,-38.07689,0.3409108,0.2581452,0.02332818,74658.62,-2765.494,-817.1756,-39.04482,-3526.243,35.51114,24.49671,1.539227,30.54931,0.5045015,-0.1423329,-0.01475649,-6.707022,360.6404,54.57225,0.633003,199.0346,-27.096,-2.209795,-0.01822213,5.820758,0.2445912,0.01885136,0.0001840547,67844.10000000001,-40.07165,-155.8545,-1.843934,-1882.458,18.7305,7.221686,0.08181432,28.01938,-0.089062,-0.07580085,-0.0008450637,-24362.51,-65.15221,110.4473,1.429832,1381.291,4.231902,-5.595745,-0.07305797999999999,-14.48937,-0.04027579,0.06225834,0.0007683548,-0.2161243,0.610754,0.2169918,0.002183124,1.976909,-0.03528187,-0.01005643,-8.310572999999999e-05,-0.01458768,0.0002941181,0.0001029259,7.067776e-07,227.4043,-0.04714642,-0.7858636,-0.009432523999999999,-10.73649,0.007961197,0.03864063,0.0004312012,0.1360873,6.496334e-05,-0.0004222841,-4.020281e-06,-147.2613,-0.266294,0.6282696,0.008740458,8.210406000000001,0.02235847,-0.03174524,-0.0004219904,-0.09010081,-0.0001608148,0.0003526042,4.137622e-06,1,1,1
8150,"RC2-510A",-6303.698,-1085.278,-160.1692,-11.87364,1687.156,44.53082,4.981883,0.5634043,-27.45777,0.04940258,-0.03026444,-0.006004639,354877,18022.12,691.4296000000001,38.64026,-3891.403,-221.6853,-13.29403,-1.698663,20.88997,0.2122651,0.02624317,0.01780782,28585.5,-296.0511,-203.4343,-22.91038,790.7693,26.52295,3.302418,1.042727,-19.71928,0.2171038,0.03606784,-0.01068073,54.01008,428.166,69.18394000000001,0.5636567,334.4105,-30.652,-2.823928,-0.005241121,5.513174,0.2953703,0.02516761,-5.301465e-06,76001.71000000001,-179.2945,-212.6773,-1.802878,-2508.445,26.21309,9.688262999999999,0.04641792,34.03627,-0.2125295,-0.1024657,-0.000288246,-29529.84,23.84477,157.5388,1.602908,1873.754,0.08859407,-7.695661,-0.05701394,-18.91551,0.04127315,0.08526357,0.0004683052,0.2219314,0.6951885,0.2300081,0.002158974,2.041844,-0.03901135,-0.01038735,-6.709178e-05,-0.01321444,0.000337687,0.0001046524,4.711423e-07,237.832,-0.09232069,-0.8219426,-0.009055953,-11.43846,0.007554782,0.03942884,0.0003619676,0.1425612,5.783894e-05,-0.0004263553,-3.037107e-06,-153.9992,-0.2789911,0.6523517,0.008377938,8.829169,0.02663807,-0.03224003,-0.00036637,-0.0951515,-0.0001882118,0.0003549687,3.354707e-06,1,1,1
8151,"RC2-550A",-17664.36,-22183.5,-1067.748,-33.77136,571.4915999999999,961.2751,29.06264,0.9654824,-18.07184,-9.668804,-0.1611379,-0.006748355,376914.3,91396.64,3591.439,105.336,437.3102,-3438.203,-82.18810999999999,-2.502986,-16.37628,34.53695,0.3011344,0.01282732,47632.39,-53365.04,-2068.754,-61.66355,-2170.865,2424.894,40.10776,1.058957,0.3781123,-25.57263,0,0,-677.1174,142.698,27.04759,0.284382,108.6663,-18.47324,-0.5904719,0.002516654,7.563024,0.1180159,-0.002162796,-8.391821000000001e-05,78008.69,1015.672,-41.53524,-0.4762475,-1691.414,-29.82028,0.850545,0.007063654,28.63531,0.5392491,0.003297342,0.0001330864,-26272.88,-923.022,17.63955,0.3539599,1206.781,46.68093,-0.521213,-0.0146633,-13.35564,-0.5604928,0,0,-2.238743,-3.978174,0.02718016,0.001009326,2.063927,0.1909556,0.0007447766,4.506525e-05,-0.01533578,-0.002293204,-2.759382e-05,-1.194639e-06,257.1703,17.35788,-0.07172947,-0.005560563,-11.5372,-0.8539133,-0.001419536,-6.425426e-06,0.1516979,0.009856307999999999,5.588224e-05,2.558525e-06,-164.7707,-13.81313,0.09899834,0.007234737,8.884702000000001,0.6967145,-0.002132718,-0.0001637974,-0.09981371,-0.007779195,0,0,1,1,1
8152,"RC2-580A",-6959.75,-127.7076,-85.9358,-8.615665,2053.752,6.879472,1.616154,0.3764094,-33.09711,0.4720942,0.002425625,-0.003555889,433663.9,19323.74,515.2294000000001,28.32102,-5869.427,-198.238,-2.520833,-1.057053,40.57413,-0.2604713,-0.09112739,0.009290128,12403.71,66.29205,-55.63609,-15.57946,2220.439,23.93732,-4.600346,0.5872386000000001,-38.69203,0.2455524,0.1230162,-0.00456808,38.84061,422.9932,71.82183999999999,0.6261206,372.4027,-31.11392,-2.867953,-0.006264875,6.148897,0.2921282,0.02487743,8.523501999999999e-06,84734.21000000001,1.689606,-217.0251,-1.976228,-2797.247,17.89925,9.734643999999999,0.05178985,37.89559,-0.09882009999999999,-0.1020779,-0.0003570532,-33046.14,-128.7372,160.1953,1.751461,2092.809,8.793365,-7.756188,-0.06296344,-21.10819,-0.06029365,0.08564695999999999,0.0005415369,0.1053447,0.733438,0.2568009,0.002797076,2.238825,-0.04022677,-0.01170102,-0.000102768,-0.01429632,0.0003293491,0.0001188011,9.078378e-07,262.6422,0.06222705,-0.9167747000000001,-0.01145459,-12.66295,-0.00450645,0.04437434,0.000503686,0.158361,0.0002478077,-0.0004831056,-4.766724e-06,-169.9273,-0.4292976,0.7262214,0.01027524,9.803226,0.03944564,-0.03619834,-0.0004799338,-0.1059718,-0.000348824,0.0004010235,4.737976e-06,1,1,1
8153,"RC2-620A",-13356.03,-14834.41,-662.902,-21.01417,1574.357,673.6675,19.07175,0.6488108,-29.94232,-6.727378,-0.1170254,-0.004749318,453769.5,71484.53999999999,2384.9,65.81140000000001,-4097.118,-2577.225,-54.84798,-1.651284,27.77944,25.57947,0.2180948,0.009064252,15889.54,-38105,-1264.933,-36.5794,1208.198,1810.82,25.24101,0.6593542999999999,-35.4796,-19.27879,0,0,-728.7358,-250.7953,32.2248,0.7194905,276.8283,0.4759041,-0.5742711,-0.0005999642,7.476001,-0.08290944,-0.003886628,-0.0001410698,90406.60000000001,2615.518,-59.12025,-2.095353,-2488.378,-107.9795,0.8439757,0.02383018,36.46999,1.370537,0.007084515,0.0002795863,-33419.8,-2159.404,34.32574,1.754546,1829.061,108.4657,-0.7390183,-0.03719067,-18.8795,-1.209336,0,0,-2.572942,-5.166178,0.02799559,0.001371825,2.581932,0.2490312,0.001035898,5.242554e-05,-0.01875653,-0.002920635,-3.281e-05,-1.419489e-06,299.1456,21.96861,-0.08105788,-0.007349729,-13.83645,-1.079748,-0.001975758,-5.333949e-06,0.1744598,0.01229481,6.662504e-05,3.056789e-06,-194.7568,-17.40013,0.1181286,0.009211983999999999,10.62005,0.8733544,-0.002391738,-0.0001976011,-0.1156505,-0.009668609,0,0,1,1,1
8154,"RC2-710A",-15160.52,-16007.96,-716.3381000000001,-22.40396,1748.647,722.3228,20.48865,0.6893114,-33.25881,-7.149289,-0.1255459,-0.005081551,518886.1,78345.95,2596.417,70.10844,-4429.702,-2773.259,-58.98152,-1.737872,27.1943,27.27954,0.2317271,0.00958876,20840.58,-40911.89,-1367.362,-38.8418,1110.183,1937.093,27.15134,0.6894776,-36.33173,-20.53645,0,0,-740.0069999999999,-155.4793,35.62402,0.5843679000000001,311.7909,-5.468801,-0.6308781,0.006203151,8.625041,-0.03375861,-0.004311146,-0.0001864804,103064,2531.45,-62.11754,-1.583084,-2821.228,-102.6387,0.8302723,0.005603632,41.44986,1.357005,0.007965999,0.0003677114,-37776.55,-2132.463,34.69236,1.438901,2067.286,108.9029,-0.7290697,-0.0290143,-21.29927,-1.2311,0,0,-2.328568,-6.315973,0.03775095,0.002215737,2.990399,0.2995529,0.0008533006,3.602089e-05,-0.02068902,-0.003450049,-3.369581e-05,-1.438056e-06,335.6427,26.13545,-0.1097737,-0.01016422,-14.96486,-1.266593,-0.001506666,4.798919e-05,0.1832504,0.01423613,6.988219000000001e-05,3.193171e-06,-209.6198,-20.30657,0.1444235,0.01144637,11.01185,1.005229,-0.002970012,-0.0002462575,-0.1152595,-0.01100032,0,0,1,1,1
8155,"RC2-790A",-21997.92,-23271.66,-1181.958,-38.45865,405.1156,973.917,31.79445,1.10045,-17.61422,-9.537042,-0.181938,-0.007490028,553938.7,104116.7,4106.604,121.1403,836.2667,-3635.928,-90.84195,-2.852471,-37.57081,35.51338,0.3335404,0.01389872,53458.35,-57376.18,-2332.918,-71.64085,-3149.118,2547.383,44.17902,1.252826,9.694554,-26.5437,0,0,-890.3390000000001,299.1446,41.47093,0.5764259,139.4005,-31.26891,-0.889196,0.000645643,10.79618,0.2301684,-0.003344225,-0.0001382772,108698.1,1053.377,-72.50469,-1.378833,-2316.585,-21.65821,1.470114,0.02327331,39.09999,0.5142466,0.005300027,0.0002300529,-36561.43,-1013.222,36.6492,1.095924,1652.391,50.08957,-0.9906842,-0.03364369,-17.99892,-0.6023703,0,0,-2.517012,-6.385067,0.04776476,0.002489562,3.141996,0.3002437,0.0006304337,2.990545e-05,-0.02299342,-0.003491164,-3.523142e-05,-1.514128e-06,364.8954,26.61732,-0.1395425,-0.0112586,-15.75484,-1.283885,-0.0007198342,8.271596e-05,0.1980952,0.01450508,7.274451e-05,3.335766e-06,-225.7272,-20.66835,0.1681745,0.0124315,11.52454,1.020581,-0.003713218,-0.000282,-0.1232968,-0.01119681,0,0,1,1,1
8156,"RC2-830A",-12769.21,-3878.501,-542.025,-25.71285,969.4047,92.53407,17.40345,1.062128,-21.52672,0.1172026,-0.1298558,-0.01055319,546952.4,34919.18,2148.756,86.27668,1322.611,-366.5551,-56.07412,-3.294096,-62.0223,-0.385685,0.3461913,0.0316948,107108.4,-3151.458,-1094.573,-54.92408,-5077.306,23.5809,31.91603,2.106846,44.17085,1.042394,-0.1791765,-0.01953157,-104.1154,655.3325,98.12269999999999,1.075415,357.4254,-49.02541,-3.976697,-0.02841767,10.22679,0.447485,0.03393775,0.0002648038,120569.1,-118.4456,-284.53,-3.267707,-3361.015,36.36465,13.16855,0.1388391,49.91862,-0.2029765,-0.1378364,-0.001359974,-43659.87,-90.29895999999999,203.5343,2.623558,2472.986,5.577511,-10.26608,-0.1290269,-25.95988,-0.04298934,0.1137064,0.001302332,0.3543193,0.8260381999999999,0.3806453,0.003793893,3.547576,-0.05532757,-0.01748899,-0.0001290125,-0.02512967,0.0004981088,0.0001773321,9.165542e-07,395.5237,0.3458604,-1.376707,-0.01600014,-18.01024,0.01139679,0.06678679,0.00066816,0.2221398,-3.939441e-05,-0.0007208259,-5.543601e-06,-246.3871,-0.4028482,1.09867,0.01462649,13.23822,0.02227637,-0.05461626,-0.0006576384999999999,-0.1402458,3.799505e-05,0.0005984336,5.928551e-06,1,1,1
8157,"RC2-930A",-11066.75,11.19423,-163.2156,-16.33261,3394.652,-2.349123,4.217535,0.7590356,-54.74969,0.9766508,-0.01675374,-0.00764332,731496.1,32342.61,938.7007,53.68548,-9789.76,-310.4239,-9.592383999999999,-2.200814,66.41339000000001,-0.8213315,-0.08098597,0.02129647,19843.89,80.25776999999999,-142.523,-30.16635,3699.543,32.20274,-3.99838,1.276906,-64.17234000000001,0.5971931,0.1562998,-0.01163145,140.4237,734.4316,122.4355,1.086265,617.4383,-53.7313,-4.88128,-0.01016612,10.39475,0.5102034,0.0422999,-8.624642e-06,141400.8,-103.0167,-367.9966,-3.287142,-4646.398,36.48401,16.41354,0.07702245000000001,62.94077,-0.2493745,-0.1712385,-0.0004134935,-54742.08,-129.3035,269.2534,2.800742,3465.754,9.477085000000001,-12.94338,-0.09196058999999999,-34.82237,-0.03347539,0.1421324,0.0006949512,0.9725247,0.9786268,0.4360209,0.004033302,4.041693,-0.06413449,-0.01990394,-0.0001209521,-0.02635877,0.0006099257,0.000202266,7.633188e-07,444.3025,0.3620636,-1.567725,-0.01675655,-20.70074,0.01366984,0.07551961,0.0006435645,0.2496802,-0.0001462339,-0.0008171845,-5.043583e-06,-277.2,-0.517162,1.24522,0.01530622,15.2523,0.02824075,-0.06151068,-0.0006475833,-0.157694,8.169759e-05,0.0006757235,5.649626e-06,1,1,1
8233,"RC2-100A",-1309.664,-1061.871,-83.53964000000001,-3.549129,133.5886,40.20601,2.387593,0.1485647,-3.540935,-0.3078727,-0.01287503,-0.001547841,64837.36,5131.199,293.8661,11.96294,538.4811,-79.87997,-7.190315,-0.4825766,-11.34334,0.3900686,0.03367015,0.004958358,22450.56,-172.5733,-139.8448,-7.734493,-1058.854,-2.514744,3.894642,0.3235084,9.685980000000001,0.1242826,-0.01672987,-0.003274682,-26.03826,106.6662,15.86083,0.1671477,56.61776,-7.891814,-0.6514934999999999,-0.004477862,1.597388,0.0725103,0.005659474,4.175942e-05,18936.25,-33.33128,-46.99962,-0.5348113,-530.4871000000001,6.486762,2.20026,0.02329407,7.84399,-0.0407069,-0.02322444,-0.0002308519,-6918.531,-3.291997,34.26411,0.4532659,392.0333,0.2856677,-1.740638,-0.02269449,-4.106356,-0.0001784509,0.01937846,0.0002327817,0.2320956,0.2699077,0.09799454,0.0008644613,0.8152253,-0.01826442,-0.00440181,-2.356681e-05,-0.004427156,0.0001660164,4.368024e-05,1.177948e-07,100.9982,0.04041723,-0.3441656,-0.003449061,-4.428031,0.007834214000000001,0.0164611,0.0001279045,0.05570069,-5.156448e-05,-0.0001761817,-8.931556e-07,-59.44482,-0.07210896999999999,0.2709328,0.003132107,3.234543,0.00385318,-0.01335306,-0.0001305149,-0.03403275,3.342814e-05,0.0001456135,1.060021e-06,1,1,1
8234,"RC2-1020A",-20708.58,-6869.714,-905.2534000000001,-43.50152,1689.25,165.217,28.28344,1.842695,-37.47996,0.03438982,-0.1985646,-0.01869083,855271.7,55493.55,3471.412,145.2354,1645.481,-564.383,-88.53100999999999,-5.734381,-87.14655,-0.9082296,0.5072215,0.05664307,164906.5,-5098.65,-1749.99,-92.33041,-7563.689,8.342067999999999,48.83236,3.66906,61.6373,2.087748,-0.2404058,-0.03514013,-120.3378,1010.256,153.5687,1.685381,557.7842000000001,-76.27077,-6.150929,-0.04144334,16.22494,0.6944735,0.05166506,0.0003576173,190258.2,-92.28842,-447.6725,-5.283659,-5289.168,53.03463,20.49077,0.2150995,78.52843,-0.273948,-0.2124553,-0.002020907,-69139.13,-221.9028,324.4472,4.449537,3903.586,12.48357,-16.19941,-0.2115052,-40.92231,-0.1072007,0.1781119,0.002085634,0.972268,2.06584,0.6012110000000001,0.007276906,4.50515,-0.1146606,-0.02700485,-0.0002716302,-0.02651266,0.0009395551,0.0002688032,2.35514e-06,580.194,-1.194775,-2.117551,-0.02832686,-26.5825,0.05832535,0.1010208,0.001242172,0.3458407,2.405316e-05,-0.001081112,-1.139639e-05,-365.4194,0.3061929,1.659428,0.02442467,20.82806,0.03239018,-0.08158058999999999,-0.001133738,-0.2332159,-0.0003350273,0.0008899607,1.083785e-05,1,1,1
8235,"RC2-1130A",-27509.65,-11971,-1344.093,-59.484,1841.162,350.6012,43.32265,2.536335,-41.7189,-1.477559,-0.3078871,-0.02624076,901973.3,71070.41,4870.494,196.544,4483.884,-973.3599,-135.1755,-7.962078,-125.4467,1.90667,0.8421886,0.08073862,227919.4,-10934.63,-2621.416,-126.0892,-11269.1,171.1963,78.7813,5.147245,101.2844,1.178681,-0.452434,-0.05099948,-216.6462,1180.462,179.7944,2.343225,639.701,-87.47472999999999,-7.414176,-0.07714772,18.02492,0.7970034,0.06472699,0.0008032505,213773.9,-304.0057,-526.5574,-7.378962,-5978.342,67.79531,24.73088,0.3442793,88.85936,-0.3877502,-0.261734,-0.003639831,-77400.94,-71.10944000000001,378.4394,5.858042,4398.245,6.480585,-19.3027,-0.3039708,-46.30163,-0.0450552,0.2154225,0.003253809,2.050053,2.363166,0.6705628,0.008911987,4.336904,-0.1345507,-0.02969638,-0.0003219473,-0.01972019,0.001124756,0.0002913774,2.708209e-06,607.4542,-1.36265,-2.331637,-0.03338036,-27.11913,0.07618206,0.1096859,0.001402479,0.3569455,-0.000115613,-0.001160664,-1.238594e-05,-370.9639,0.4485776,1.811814,0.02795406,21.29412,0.02686347,-0.08793914,-0.001245921,-0.2379819,-0.0002490794,0.0009498313,1.147128e-05,1,1,1
8236,"RC2-1270A",-23497.76,-3703.013,-840.9711,-46.19728,2005.378,-1.27594,26.78809,1.983104,-43.16597,2.12464,-0.2078007,-0.01988173,1188486,64653.54,3567.569,154.5854,-1153.683,-432.1392,-85.72812,-6.064813,-86.06663,-3.964833,0.5037671,0.05884937,142624.1,-4074.269,-1663.471,-96.33492,-6388.207,-70.94062,44.41766,3.805596,47.13015,3.31338,-0.2129738,-0.03548002,-233.9725,1330.385,188.4791,1.821154,707.615,-98.98542999999999,-7.566793,-0.0382407,20.12865,0.9106708,0.06376336000000001,0.0003082588,238204.7,-365.6145,-546.1482999999999,-5.527698,-6653.939,79.78004,25.14551,0.2181758,98.82306,-0.4993029,-0.262471,-0.00201225,-86689.16,-88.98265000000001,395.0076,4.743675,4912.12,5.468108,-19.88618,-0.2263066,-51.67085,-0.01638327,0.2202955,0.002226304,0.7420663,2.471713,0.7596875,0.008701797000000001,6.154663,-0.1384654,-0.03429984,-0.0003200384,-0.04009502,0.001142044,0.0003429072,2.68057e-06,757.9142000000001,-1.176297,-2.70529,-0.0351305,-35.05655,0.06253701,0.1296447,0.001535713,0.4518794,6.763517e-05,-0.001390815,-1.390075e-05,-484.9225,0.02107679,2.138048,0.03119387,27.37765,0.0514126,-0.1055214,-0.001447649,-0.3057054,-0.0004790238,0.001153435,1.378244e-05,1,1,1
8237,"RC2-140A",-2304.556,-1379.191,-130.2449,-6.274076,177.758,46.40297,4.04143,0.2801618,-4.431318,-0.2965248,-0.02624029,-0.003011452,95544.94,7685.663,466.2532,20.88935,609.4476,-119.491,-12.34785,-0.8991433,-15.14458,0.5294288,0.06895382999999999,0.009572874,25959.15,-1067.213,-236.9807,-13.4964,-1292.07,23.65201,6.893198,0.5944666,12.02967,-0.05136172,-0.03428401,-0.006259833,-17.838,130.4621,19.25951,0.193085,72.44707,-9.877105,-0.7616047,-0.003904542,2.095279,0.08999546,0.006287499,2.926713e-05,24649.16,-10.98753,-55.08225,-0.5651977,-684.8916,6.881887,2.495706,0.02113407,10.20529,-0.03590726,-0.02570449,-0.0001838517,-8923.035,-29.3651,39.46229,0.4711619,504.1673,1.608509,-1.960015,-0.02155266,-5.30742,-0.0135496,0.02149213,0.0002028459,-1.803461,0.4038485,0.03669579,0.00022959,0.04376144,-0.03116771,-0.0002269427,7.05261e-05,-0.003136822,0.0002288834,5.608541e-06,-3.698094e-07,170.5965,0.000792602,-0.1361867,-0.002579589,-2.266793,0.03303239,0.002002526,-0.000147624,0.07138535999999999,-2.597789e-05,-5.217058e-05,1.192877e-08,-140.4501,-0.2292938,0.123817,0.003194685,1.957994,-0.007171384,-0.002949066,3.978779e-05,-0.05708814,-9.90737e-05,5.959253e-05,8.194808e-07,1,1,1
8238,"RC2-1530A",-34079.76,-15217.17,-1697.767,-74.09271,2283.024,459.9272,55.25058,3.129313,-51.8453,-2.152789,-0.3992382,-0.03208952,1129105,89877.19,6196.447,247.17,5787.664,-1294.757,-175.1423,-9.924709,-159.8308,3.492834,1.130435,0.09972407,290748.5,-14113.64,-3378.223,-159.9903,-14385.89,265.0005,104.367,6.479615,130.2807,0.6962172,-0.6393038,-0.06360018000000001,-64.12479999999999,1375.827,223.3239,3.063928,779.8351,-104.4723,-9.081291,-0.09829536,22.87423,0.9423085,0.07792536,0.0009880641999999999,266447,12.79161,-651.5734,-9.757118999999999,-7389.3,65.4306,30.15478,0.4389906,109.823,-0.2704429,-0.3153771,-0.004509942,-95978.7,-406.3265,469.1186,7.855667,5429.957,23.81264,-23.60792,-0.3930266,-56.84355,-0.2306955,0.2609616,0.004111032,2.358744,3.074248,0.8363774,0.009665053,5.947187,-0.1727028,-0.03684632,-0.0003180949,-0.0319228,0.001462428,0.0003600883,2.342875e-06,793.5142,-2.24482,-2.933052,-0.03745737,-35.92047,0.119757,0.1373054,0.001496842,0.4689466,-0.0004382165,-0.001447926,-1.226825e-05,-494.5977,0.9003395,2.299349,0.03268443,28.18434,0.01631274,-0.1110801,-0.001411162,-0.3149006,-0.0001063007,0.001196142,1.245288e-05,1,1,1
8239,"RC2-180A",-3986.505,-1791.144,-202.9979,-9.292113000000001,254.3998,52.52814,6.666862,0.4065456,-5.808599,-0.2306637,-0.04845327,-0.004290497,129669.9,10487.05,731.9659,30.70301,679.7532,-148.7319,-20.86275,-1.285822,-18.69807,0.3540421,0.1345056,0.01336952,32697.6,-1752.568,-397.1735,-19.76742,-1650.113,30.03353,12.24753,0.8363391,15.11611,0.1222238,-0.07364961,-0.008544266999999999,73.09672,167.2936,23.28891,0.1721816,82.7788,-12.69193,-0.8841752,0.000260206,2.729373,0.1174421,0.006893735,-3.306894e-05,30228.31,-32.26149,-64.73739,-0.4058832,-817.9272,10.04381,2.80522,0.005074009,12.19824,-0.06472706,-0.02781573,5.432685e-05,-10660.85,-22.45188,45.55444,0.3395534,597.245,0.8916262,-2.177208,-0.009624769,-6.177153,-0.001782905,0.02319382,2.503779e-05,0.5067488999999999,0.4672018,0.1876518,0.002220978,1.587022,-0.02998713,-0.008516525,-7.833329e-05,-0.01050424,0.0002754961,8.555847e-05,6.035975e-07,181.7669,-0.1605712,-0.6738717,-0.008855257,-8.134028000000001,0.02004595,0.03217871,0.0003659882,0.1007565,-0.0001631954,-0.0003435277,-3.088652e-06,-112.2933,0.127381,0.5338631,0.007746656,6.043154,-0.0028558,-0.02610587,-0.0003413705,-0.06460144,0.0001420125,0.0002830037,3.069677e-06,1,1,1
8240,"RC2-200A",-3024.932,-2005.095,-181.7964,-8.584377999999999,250.5456,70.55598999999999,5.559412,0.3789937,-6.446225,-0.4887611,-0.03471052,-0.004051209,132807,10731.19,647.1829,28.65054,961.9265,-170.3132,-16.95968,-1.220442,-22.22141,0.8244446,0.09162023,0.01291274,38700.43,-1324.752,-327.214,-18.56034,-1909.016,30.46212,9.500401,0.8107255,17.74588,-0.08389075999999999,-0.04610749,-0.008478116000000001,-22.84274,202.4262,28.38042,0.2645688,105.0343,-15.07337,-1.119569,-0.004296319,3.050996,0.139494,0.0092108,2.169775e-05,35856.48,-59.88652,-82.24728,-0.8105339,-996.1749,12.48033,3.711632,0.02805446,14.83361,-0.08212526000000001,-0.03805073,-0.0002174629,-13010.18,-11.19777,59.43822,0.7040892,734.3517000000001,0.549794,-2.933288,-0.03066567,-7.730618,0.001891965,0.03198881,0.000272117,0.6263298,0.4934583,0.1961282,0.002223929,1.567259,-0.0334603,-0.008794094000000001,-7.211816e-05,-0.008597186,0.0003019927,8.719114e-05,5.081852e-07,193.3183,0.1184205,-0.6891298,-0.00859889,-8.467382000000001,0.01185859,0.03276967,0.0003384844,0.1061057,-6.440917e-05,-0.0003489387,-2.681632e-06,-114.1519,-0.1449165,0.5407980999999999,0.007452897,6.185464,0.008484228999999999,-0.0264534,-0.0003177233,-0.06491286,4.903495e-05,0.0002867523,2.728952e-06,1,1,1
8241,"RC2-230A",-4268.345,-1948.341,-185.8311,-10.5034,970.0801,76.2919,5.776866,0.4926914,-16.30581,-0.4465947,-0.03360941,-0.005372176,185967.5,12822.58,666.2853,34.10567,-1194.87,-209.2508,-16.21769,-1.541083,0.94132,0.845027,0.06433411999999999,0.01665892,36219.36,-1228.986,-286.0196,-21.11381,-625.2021,42.1739,7.246799,0.9824697,0.592289,-0.06893990999999999,-0.008521185000000001,-0.01049743,70.73005999999999,242.8393,40.39347,0.3998486,199.5007,-17.55869,-1.633328,-0.006951364,3.376198,0.1659557,0.01442332,4.991997e-05,45738.79,-54.85903,-121.3528,-1.210978,-1501.835,12.51915,5.486143,0.03712393,20.39649,-0.08470865,-0.0579177,-0.0003150904,-17599.09,-22.2775,88.40199,0.9928091999999999,1117.768,2.395848,-4.301378,-0.0378763,-11.25269,-0.006252905,0.04769485,0.0003505846,1.308693,0.8900255,0.2847773,0.003817714,1.966429,-0.05071268,-0.01273549,-0.0001360272,-0.009767998999999999,0.0004636399,0.0001274009,1.154025e-06,242.9098,-0.778152,-1.003184,-0.01418581,-11.2213,0.0426989,0.04713165,0.0005748094,0.1400734,-0.0003216336,-0.0005018556,-5.07323e-06,-149.3875,0.613286,0.7822483,0.01173603,8.624388,-0.01267311,-0.03766476,-0.0005034241,-0.09262524,0.0002446047,0.0004074748,4.61801e-06,1,1,1
8242,"RC2-260A",-10628.15,-16716.38,-693.3673,-20.02328,411.8756,746.1815,19.36474,0.5989044,-11.74939,-7.726545,-0.1089753,-0.004574494,203383.2,65372.95,2273.104,60.8305,121.1794,-2627.58,-54.00607,-1.514676,-5.735657,27.21578,0.2073821,0.008921668000000001,25224.89,-40496.11,-1302.035,-33.77872,-1022.58,1873.389,25.76749,0.5671088,-2.756302,-20.08606,0,0,-518.8517000000001,53.35263,13.48392,0.09854385,73.07929,-9.213781000000001,-0.2508637,0.004715608,4.19883,0.05224208,-0.002211403,-9.036082e-05,45707.83,699.0023,-19.48893,-0.1764322,-1027.78,-22.80352,0.3241751,-0.0009298364,17.22442,0.3724771,0.003629333,0.0001529638,-15932.34,-624.1353,9.125954,0.2341529,746.1488000000001,31.44786,-0.2910937,-0.009836055999999999,-8.361319999999999,-0.3729082,0,0,-0.4363092,-2.844957,0.1075412,0.004142522,1.631836,0.1309208,-0.001848544,-5.711941e-05,-0.007557115,-0.001619383,-1.059225e-05,-4.504605e-07,240.305,13.1367,-0.3101827,-0.01458406,-9.742907000000001,-0.6372792,0.005235326,0.0002505807,0.128586,0.007430544,2.462488e-05,1.180684e-06,-141.9794,-10.17652,0.2420583,0.01227719,7.378971,0.516533,-0.005146717,-0.0002682585,-0.08111672,-0.005768708,0,0,1,1,1
8243,"RC2-300A",-6694.46,-3218.768,-344.2031,-15.36141,406.3586,99.75636,11.33155,0.6685335,-9.393354,-0.534798,-0.0823139,-0.007031864,218612.1,18378.2,1245.228,50.94848,1301.369,-289.1685,-35.75977,-2.121749,-34.1972,1.115908,0.2322762,0.02198499,56552.97,-3392.141,-679.8244999999999,-32.90631,-2927.912,77.27646,21.25169,1.386242,27.77302,-0.1661177,-0.1304931,-0.01411699,6.054613,270.7701,41.6438,0.501333,150.8475,-20.56969,-1.649131,-0.01311017,4.494631,0.1856856,0.01364682,0.0001174422,52103.89,-2.292247,-119.2978,-1.518197,-1439.186,13.214,5.395038,0.06173521,21.44003,-0.05709909,-0.05541227,-0.0005838090999999999,-18739.62,-77.35758,85.33694,1.233059,1057.485,4.434505,-4.222188,-0.05812057,-11.08197,-0.04292332,0.04611987,0.0005723281999999999,-3.438918,1.087329,0.09723596,0.001302267,-0.2983994,-0.07578173000000001,-0.0008932324,0.0001263937,-0.004180931,0.000548045,1.517914e-05,-4.705939e-07,358.4616,-0.5228685,-0.3477468,-0.008055323,-4.096253,0.0896034,0.005214574,-0.000245704,0.1561722,-0.0001132742,-0.0001188696,-9.359019e-07,-302.4714,-0.199471,0.3012514,0.008528743,4.003613,-0.02400409,-0.006727705,4.283194e-05,-0.1312473,-0.0002413957,0.0001304282,2.354586e-06,1,1,1
8244,"RC2-310A",-6391.213,-2758.105,-384.9176,-15.79034,-1432.744,30.27004,13.17489,0.6502579000000001,17.47986,0.1395651,-0.1118643,-0.006614048,213618.3,18314.97,1488.466,54.53189,7422.178,-127.9996,-45.85848,-2.131472,-122.4554,-0.4158962,0.3654406,0.02131506,81405.89,-3095.656,-901.4656,-36.95888,-7504.402,-20.57575,30.96008,1.462438,90.81746,0.7054653,-0.2518952,-0.01440351,-305.8843,250.8179,10.37975,-0.1318854,-96.22922,-17.28094,-0.4104905,0.003451965,3.04,0.1653042,0.0005181106,-0.0001516603,48691.64,-21.44402,-8.174564,0.6678105,-427.3665,7.179683,0.9590718,0.00647601,23.28911,-0.04155742,-0.00693891,0.0003577599,-11838.18,-13.00708,2.233953,-0.3559232,220.0394,6.399351,-0.8830721,-0.0183528,-9.9536,-0.02514749,0.00908629,-0.0001171015,-3.613997,0.43799,-0.2360535,-0.003987854,-2.475575,-0.01485533,0.009168776,2.657879e-05,9.706327999999999e-05,0.0001430156,-0.0001090347,-1.112247e-06,168.8425,-0.1044096,0.9301518,0.01444289,7.154916,-0.03718917,-0.03464144,-1.895256e-05,0.05711883,0.0003105632,0.00039435,3.363758e-06,-26.93523,0.6879922000000001,-0.7081646,-0.01029928,-6.630583,0.02096006,0.02591815,-2.327446e-05,0.002412102,9.256337e-05,-0.0002952609,-2.129286e-06,1,1,1
8245,"RC2-320A",-12052.49,-15062.67,-698.6694,-21.55089,376.564,651.5255,19.02092,0.6199706,-12.09451,-6.555913,-0.1067294,-0.004365948,270416.7,62922.17,2368.867,67.39806,104.4103,-2354.43,-53.93542,-1.604,-10.40864,23.64622,0.1992403,0.008319732,27811.15,-36680.36,-1356.493,-39.25415,-1292.267,1664.995,26.20262,0.6721392,-1.511042,-17.57157,0,0,-507.0847,118.5369,18.075,0.1684467,78.30768,-13.93727,-0.3620597,0.003862526,5.292038,0.0943793,-0.002227046,-9.07127e-05,55052.37,649.102,-27.85051,-0.3089234,-1203.689,-17.55242,0.509099,0.001813802,20.27259,0.3381267,0.003721561,0.0001583074,-18796.25,-602.404,13.19831,0.3129492,866.4296000000001,30.35268,-0.3922371,-0.01220663,-9.584322999999999,-0.3644153,0,0,-0.6829096,-3.56879,0.1230633,0.004746909,2.008026,0.1647775,-0.002019164,-6.093015e-05,-0.009531100000000001,-0.002032988,-1.409441e-05,-5.915528e-07,293.8651,16.39128,-0.3525348,-0.01681025,-11.96451,-0.7962044,0.005725458,0.0002808986,0.1581344,0.009277453,3.19862e-05,1.50977e-06,-174.03,-12.69954,0.2779405,0.01431606,9.075253,0.644692,-0.005900186,-0.0003128774,-0.1001078,-0.007202337,0,0,1,1,1
8246,"RC2-340A",-6896.87,-2851.084,-417.0099,-16.8937,-1551.731,24.27444,14.40868,0.698557,18.84033,0.2712072,-0.1244504,-0.007143582,233715.2,19513.92,1615.389,58.26234,7969.329,-112.2478,-50.1521,-2.284013,-131.4547,-0.8584673,0.4066253,0.02297166,87586.95,-3078.458,-978.591,-39.44026,-8071.87,-41.59159,33.88708,1.565931,97.24101,1.063339,-0.2806507,-0.015518,-237.7583,248.7722,9.537474,-0.117,-112.6781,-17.6188,-0.3076735,0.004639663,3.402411,0.1673979,-0.001346376,-0.0001899776,51985.66,56.31096,-0.131236,0.7281341,-415.7321,4.011545,0.3989574,-0.001813506,24.52888,-0.004987436,0.001146772,0.0005471829,-12206.25,-74.5381,-5.678545,-0.446676,195.7203,9.757695999999999,-0.3889866,-0.01000131,-10.18942,-0.05757348,0.002287278,-0.0002859382,-10.14423,0.5959807,-0.5233327,-0.008349479999999999,-5.564095,-0.03829261,0.02564457,0.0003754763,0.009311262000000001,0.0002341492,-0.0002651923,-3.443665e-06,269.9269,0.05069707,1.92713,0.02629839,17.69005,0.01968934,-0.0927582,-0.001114863,0.05221359,0.0003753896,0.0009325119,9.585812e-06,-178.5859,-0.09505973,-1.440627,-0.017387,-13.78123,0.0008487334,0.06891308,0.0007116889,-0.02486016,-0.0003151313,-0.0006879879999999999,-5.744304e-06,1,1,1
8247,"RC2-370A",-12587.37,-10584.82,-738.1369999999999,-26.21279,-2054.786,358.9619,17.80955,0.6519986,22.24219,-3.383619,-0.08659095,-0.003594098,283203.5,48919.52,2607.648,85.85538,8484.049000000001,-1387.252,-52.6297,-1.772516,-129.605,13.07049,0.1493298,0.006138521,72074.41,-24339.02,-1575.979,-55.65638,-7877.318,936.7292,28.45898,0.9394588,85.30894000000001,-9.731764999999999,0,0,-1139.243,337.4219,-16.96798,-1.302069,-188.5022,-21.14099,0.3861198,0.02671067,3.006154,0.1825027,-0.006317841,-0.0002788319,57823.02,-133.5003,85.63741,4.390348,-268.9935,8.572042,-1.482022,-0.04768566,28.60498,0.02141812,0.01065341,0.0004643401,-14353.27,34.22393,-63.39105,-2.843148,118.6084,9.144671000000001,0.63403,0.005821339,-12.7548,-0.1007718,0,0,-8.619126,5.241938,-0.3100383,-0.01589465,-3.059747,-0.2358513,0.006055309,0.0002414937,-0.008094716,0.002504643,-4.291632e-05,-2.091744e-06,207.3197,-16.92316,1.057189,0.05106854,8.215673000000001,0.7322372,-0.015947,-0.0004725514,0.09870155,-0.007938802999999999,6.633616999999999e-05,3.101118e-06,-41.61566,13.38366,-0.7250269,-0.03463368,-7.248743,-0.5565547,0.007708753,0.0001557319,-0.02321823,0.006333509,0,0,1,1,1
8248,"RC2-410A",-18484.06,-25239.14,-1120.083,-33.52976,720.0863000000001,1110.375,31.05571,0.9832042,-19.69192,-11.31802,-0.1751323,-0.007249719,343942.3,100179.7,3692.712,102.7188,-210.3849,-3933.417,-86.66777,-2.502917,-4.24393,40.06794,0.3292459,0.01390872,37102.94,-61164.26,-2127.05,-58.47453,-1429.587,2796.088,41.66591,0.9892941,-8.210903999999999,-29.58846,0,0,-664.1837,107.537,21.54437,0.1381125,104.5155,-15.83216,-0.4160149,0.00752868,6.839967,0.09721175,-0.003126647,-0.0001321398,71693.73,1020.566,-29.47039,-0.1406464,-1576.792,-31.52319,0.487634,-0.004870103,26.57327,0.5364772,0.005335839,0.0002345911,-24510.85,-921.0751,12.57292,0.2424542,1136.792,46.27387,-0.4079787,-0.01221545,-12.63538,-0.5495312999999999,0,0,-1.361496,-2.272207,0.06585133,0.002211986,1.404408,0.1078248,-0.0007058436,-6.750026e-06,-0.007725473,-0.001376314,-1.527324e-05,-6.632372e-07,209.6481,11.01367,-0.1824345,-0.008547697,-9.031196,-0.5459708,0.002171442,0.0001097427,0.1231831,0.006477737,3.147966e-05,1.467289e-06,-129.3549,-8.849406,0.1536556,0.008141120999999999,7.086797,0.4569667,-0.003275846,-0.0001808994,-0.08085272,-0.005171373,0,0,1,1,1
8249,"RC2-430A",-9191.557000000001,-4808.243,-497.8845,-22.34282,567.3058,153.7545,16.24515,0.9704821,-13.43684,-0.8984563,-0.1158543,-0.01017642,317291.6,27062.68,1797.64,74.14859,2128.515,-439.5281,-51.13554,-3.085555,-53.19121,1.937534,0.3254426,0.03185414,86334.61,-4959.709,-975.4852,-47.94218,-4477.563,121.1365,30.27762,2.020703,43.24223,-0.4318633,-0.1817041,-0.02049013,-103.5396,425.8978,63.00018,0.7005469,234.9171,-31.83331,-2.564322,-0.01894612,6.525156,0.2913669,0.02197982,0.0001791007,78040.25999999999,-89.29859999999999,-183.3346,-2.163253,-2189.896,24.28435,8.540842,0.09351829,32.56123,-0.1417167,-0.08984526,-0.0009282475000000001,-28417.28,-47.9319,132.1113,1.7765,1615.712,2.951342,-6.711146,-0.08854258,-17.06731,-0.01922972,0.07470325,0.0009064982,0.5796508,0.9106818,0.2372349,0.003375137,1.493564,-0.04884178,-0.01052647,-0.0001313252,-0.00672213,0.0003873085,0.0001035969,1.21369e-06,216.0443,-0.6016685000000001,-0.8195011,-0.01259557,-9.867013,0.02419122,0.03879548,0.0005624990000000001,0.1319469,6.071857e-05,-0.0004134052,-5.356256e-06,-132.3329,0.2222051,0.6362906,0.01050805,7.787899,0.01337688,-0.03113544,-0.0004929527,-0.08784206,-0.0001702074,0.0003388527,4.822305e-06,1,1,1
8250,"RC2-470A",-9633.620999999999,-4174.686,-488.029,-21.22705,722.4319,120.7297,15.56941,0.8813572,-16.52775,-0.4470836,-0.1098821,-0.008918225,345268.5,25993.67,1803.168,71.11353,1731.353,-328.7706,-49.54068,-2.790322,-47.33807,0.3501994,0.3090266,0.02755935,91408.19,-3241.61,-973.1208,-45.97756,-4349.32,38.14973,29.34928,1.818117,38.13604,0.658531,-0.1724495,-0.0174765,14.94322,445.3147,63.80822,0.5167665,234.3818,-33.60199,-2.483107,-0.004295708,7.074298,0.3089209,0.02004722,-1.915157e-05,81655.17999999999,-68.91546,-183.2606,-1.503754,-2251.237,25.17115,8.162577000000001,0.042503,33.48561,-0.1490191,-0.08280121999999999,-0.0002293434,-29477.37,-80.05174,132.383,1.357042,1658.153,3.964427,-6.467809,-0.05435026,-17.32937,-0.02671076,0.07003769999999999,0.0004268146,0.1174051,0.8794135,0.2411537,0.002349337,1.939928,-0.04845779,-0.01077271,-7.654101e-05,-0.01205853,0.0003947828,0.0001066136,5.523016e-07,249.2561,-0.3954096,-0.8493569,-0.009589449999999999,-11.62923,0.02001335,0.04056995,0.0003990849,0.1517382,5.120506e-05,-0.000434752,-3.355853e-06,-158.2087,-0.07731928,0.6701885,0.008757399000000001,9.06681,0.02202006,-0.0330952,-0.0003956454,-0.1010719,-0.0002077598,0.0003621122,3.608778e-06,1,1,1
8251,"RC2-510A",-9319.163,-3561.04,-577.4147,-23.5028,-2293.271,11.96405,20.16988,0.9657178,27.82771,0.6025883,-0.1787619,-0.009742192,350415.8,27158.99,2278.56,82.06533,11468.32,-108.1103,-71.36015999999999,-3.188036,-190.7908,-1.714869,0.5952586,0.03160363,125024.4,-3547.793,-1382.376,-55.96833,-11611.3,-90.5108,48.81216,2.207355,139.9915,1.750602,-0.4185509,-0.0215622,-454.0399,362.814,15.359,-0.1032219,-157.2751,-25.69614,-0.5520508,0.001842464,4.880773,0.243242,-0.0006796362999999999,-0.0002147913,77178.09,103.2137,-8.022619000000001,0.6805722,-658.0144,4.626275,1.108445,0.02289294,36.74529,0.008680172,-0.004911091,0.0004835781,-18639.21,-128.2834,-0.5538037,-0.2791757,332.0633,15.48991,-1.066967,-0.03843801,-15.59581,-0.09858727,0.009526415,-0.0001264358,-1.13667,0.7090815,0.1670418,0.001079461,1.768418,-0.036375,-0.007826549,-4.397181e-05,-0.02253027,0.0003141141,7.57969e-05,-6.078728e-08,243.9141,-0.07025807000000001,-0.6019993,-0.005972479,-10.62437,-0.009188058000000001,0.03076311,0.000327734,0.1807293,0.0002125878,-0.0003290191,-1.605855e-06,-143.7376,-0.1256295,0.4969344,0.006683549,8.088721,0.03606845,-0.0262878,-0.0003724209,-0.115258,-0.000241713,0.0002874735,2.635579e-06,1,1,1
8252,"RC2-550A",-21523.46,-26949.54,-1296.522,-41.06961,710.2623,1168.338,35.43879,1.183823,-22.08209,-11.75755,-0.1978093,-0.008347189,455478.1,110983.7,4352.494,127.6569,389.4737,-4183.431,-100.0009,-3.057955,-17.84647,42.05022,0.3697019,0.01586938,54993.05,-65043.63,-2503.522,-74.32868000000001,-2469.211,2956.111,48.61716,1.280524,-1.398277,-31.18008,0,0,-767.0201,229.2487,34.61352,0.4321607,124.7743,-25.23056,-0.7707337,0.0005103001999999999,9.200051,0.1766517,-0.002274857,-8.860551e-05,93541.99000000001,1008.323,-56.4805,-0.8574035,-2006.112,-24.728,1.186735,0.01534355,33.9849,0.5203494,0.003441046,0.0001426304,-31301.91,-947.4484,25.54281,0.6212272,1425.971,47.65658,-0.717348,-0.02172041,-15.66419,-0.576476,0,0,-2.066774,-3.313617,0.06697279,0.002076098,1.960874,0.1585945,-0.0002611445,1.960395e-05,-0.01179125,-0.001999718,-2.490335e-05,-1.087422e-06,281.9599,15.68114,-0.1823967,-0.008816279,-12.30599,-0.7791517,0.001155693,7.182901999999999e-05,0.1672439,0.009209780000000001,5.061248e-05,2.34576e-06,-175.928,-12.5919,0.1696503,0.009377282000000001,9.658396,0.649038,-0.003614945,-0.0002097237,-0.110396,-0.007343016,0,0,1,1,1
8253,"RC2-580A",-10691.44,-2712.075,-592.1282,-24.41301,-2574.833,-50.22102,20.39656,0.9720159,31.08503,1.364278,-0.183864,-0.009427392999999999,431706,29079.2,2413.199,85.50211,11869.71,-5.151209,-72.83839,-3.172713,-203.7624,-3.314686,0.6052575,0.02994376,121190.3,-3164.608,-1446.023,-57.8598,-12046.95,-152.4254,49.38378,2.169298,144.9223,2.57584,-0.4195615,-0.01998823,-330.4852,452.7826,17.28227,-0.3093085,-187.6407,-31.47365,-0.5900289,0.01468535,5.62259,0.3059468,-0.001143802,-0.0003962096,84849.10000000001,-74.94753,-6.366432,1.608568,-666.5456,16.23796,0.9771692,-0.02802108,39.97831,-0.1256635,-0.00215503,0.001195655,-19732.32,3.845979,-4.484015,-1.02766,308.1803,8.681456000000001,-0.8941705,0.001491254,-16.53721,-0.005458112,0.006972915,-0.0006811076,-1.086616,0.8331348,0.1897516,0.00138991,1.898901,-0.04221186,-0.008921396,-6.136546e-05,-0.0242447,0.0003634586,8.687013e-05,9.787451e-08,267.5708,-0.2484805,-0.6819003,-0.007222727,-11.59217,-0.003822222,0.03492739,0.000405997,0.1989522,0.0001847217,-0.000374772,-2.352252e-06,-156.6643,0.01895374,0.5612407,0.007820842,8.841081000000001,0.03425065,-0.02974963,-0.0004438062,-0.1268109,-0.0002188488,0.0003262445,3.344824e-06,1,1,1
8254,"RC2-620A",-20864.14,-17909.26,-1209.278,-42.27003,-3363.547,614.2741,29.12063,1.041348,36.42895,-5.818254,-0.1416851,-0.005698478,466801.7,82241.52,4278.206,138.9767,13859.16,-2366.305,-86.20849,-2.844293,-212.0928,22.38549,0.2454519,0.009800441999999999,117206.2,-41349.96,-2585.53,-90.24415,-12869.08,1602.365,46.57599,1.511017,139.3328,-16.64779,0,0,-1772.965,709.9666999999999,-20.42122,-1.871301,-324.9237,-42.76565,0.4245898,0.03741578,5.196442,0.3924897,-0.009375964000000001,-0.0004411399,94202.98,-783.9792,116.203,6.284867,-367.9037,43.20844,-1.821072,-0.0575866,45.76508,-0.3000522,0.01570331,0.0007357502,-22846.87,477.5138,-87.57084999999999,-3.994707,127.8978,-6.694526,0.6882372,-0.004551017,-19.90789,0.08390011999999999,0,0,-4.435072,-3.934175,-0.03874798,-0.001492213,2.272534,0.1944189,0.002641882,0.0001003652,-0.03269142,-0.00231696,-4.584067e-05,-2.047049e-06,308.5626,17.63347,0.1239421,0.001021622,-13.06624,-0.8919423,-0.005715529,-7.124513e-05,0.2295368,0.01020596,8.963811000000001e-05,4.133105e-06,-185.7092,-13.96985,-0.006859722,0.00428473,9.968769999999999,0.7294957,-0.001147927,-0.0002172581,-0.1468574,-0.008033235999999999,0,0,1,1,1
8255,"RC2-710A",-23271.32,-19263.21,-1347.429,-47.12756,-3941.546,639.0457,32.01998,1.146813,43.10851,-5.931061,-0.1512674,-0.006104269,531170.7,89716.63,4792.935,155.4884,16303.48,-2477.419,-95.39857000000001,-3.14157,-249.2644,22.99293,0.2584191,0.01027839,139624.3,-43896.64,-2907.458,-101.7351,-15166.79,1657.08,52.28201,1.704125,165.4737,-17.04681,0,0,-2075.881,772.4424,-23.93733,-2.14854,-370.8193,-46.92845,0.5199827,0.04319697,5.925581,0.4258332,-0.01117664,-0.0005102766,108281.4,-750.4594,133.488,7.180135,-435.0417,42.03907,-2.123168,-0.06516855000000001,52.63534,-0.2578169,0.01857206,0.0008369514,-26508.87,441.3174,-99.91845000000001,-4.571403,160.9358,-2.326456,0.7793238,-0.005381922,-23.00165,0.03465137,0,0,-5.646307,-6.47933,-0.1074885,-0.003310003,2.745992,0.3108183,0.004808178,0.0001687265,-0.0369607,-0.003557797,-6.218177000000001e-05,-2.752631e-06,354.7658,27.33666,0.340886,0.005875305,-14.61483,-1.338436,-0.01151041,-0.0002212563,0.2481169,0.01493404,0.0001214999,5.554155e-06,-207.1208,-21.5736,-0.1358305,0.00231513,10.60906,1.079566,0.0012274,-0.0001955175,-0.1507737,-0.01167977,0,0,1,1,1
8256,"RC2-790A",-26795.63,-27942.32,-1431.522,-46.79871,513.8527,1170.259,38.59916,1.338958,-21.54321,-11.46939,-0.221985,-0.009092852,668687.4,125011.4,4964.788,147.4334,854.5932,-4366.525,-110.0351,-3.475561,-43.27808,42.67919,0.4067073,0.01690351,61843.98,-68831.78999999999,-2817.682,-87.21093999999999,-3637.222,3058.26,53.34814,1.527846,9.793538,-31.89214,0,0,-1240.225,285.7701,46.77964,0.5953161,186.4338,-33.62097,-1.022191,0.0008944751,12.68061,0.2301779,-0.003721976,-0.0001321459,131596.5,1536.588,-76.17828,-1.262481,-2865.741,-40.52597,1.605742,0.02519919,48.27244,0.7874625,0.005192944,0.0001823668,-44660.49,-1417.625,34.3252,0.9071569,2049.689,70.9061,-0.9929777,-0.03234445,-22.61099,-0.8485904,0,0,-3.857315,-7.403853,0.01202455,0.0008958868,3.217978,0.3468916,0.002029167,9.716109999999999e-05,-0.02146689,-0.004069845,-4.901217e-05,-2.146148e-06,406.7083,31.64143,-0.007841158000000001,-0.00683532,-17.58223,-1.523208,-0.004751445,-6.829378000000001e-05,0.2285652,0.01728297,9.878582e-05,4.56106e-06,-248.1147,-25.09777,0.08651936,0.01053826,13.03454,1.236636,-0.002105493,-0.0002480845,-0.1413288,-0.01358874,0,0,1,1,1
8257,"RC2-830A",-15573.47,-4471.293,-668.447,-33.33736,1182.244,101.9887,21.74435,1.398345,-26.15175,0.237754,-0.1647445,-0.01401606,659480.9,41400.45,2639.644,112.1698,1495.229,-412.3247,-70.14278,-4.382168,-73.24844,-0.753381,0.4444869,0.04270162,127012.3,-3417.602,-1349.106,-71.80831999999999,-5999,11.18157,39.95957,2.820438,51.68441,1.420619,-0.2313187,-0.02659053,-93.28541,779.0413,113.3923,1.044605,427.8554,-58.48442,-4.545181,-0.0215154,12.33103,0.5317696,0.03819323,0.0001811924,144971.6,-94.63647,-326.037,-3.102368,-4038.275,41.20151,15.01573,0.1254306,59.98361,-0.2112109,-0.156819,-0.001193775,-52533.99,-155.1713,233.8916,2.626719,2975.082,9.192107999999999,-11.8013,-0.1292011,-31.22985,-0.08328222,0.130931,0.00129903,-0.009135509999999999,0.920215,0.3924248,0.00329012,3.57799,-0.06408881,-0.01786485,-9.534253000000001e-05,-0.02190611,0.0005440137,0.0001791385,5.413191e-07,435.8717,1.310603,-1.3866,-0.01409325,-19.70897,-0.02575668,0.06766584,0.0005662921,0.2490021,0.0004588584,-0.0007345659,-4.412779e-06,-265.3055,-1.700338,1.098212,0.01333864,14.56816,0.08250588,-0.05540599,-0.0005939513,-0.1542232,-0.0005911521,0.0006134026,5.224999e-06,1,1,1
8258,"RC2-930A",-18162.96,-4265.921,-1001.295,-43.2773,-4343.387,-100.4065,34.76206,1.75909,52.55558,2.491559,-0.3163149,-0.01740968,732107.8,48523.82,4078.713,151.2201,19827.89,20.17624,-123.8317,-5.750885,-341.651,-5.993553,1.03737,0.05561321,199824.6,-5185.284,-2439.048,-102.2453,-20112.03,-267.8287,83.62945999999999,3.927928,242.1988,4.529194,-0.7149194,-0.03720848,-890.8347,741.1367,35.60455,-0.1256101,-287.0261,-51.55131,-1.418304,0.0003727666,9.023379,0.4981512,0.003377139,-0.0003733096,144182.1,-57.99326,-43.11652,0.9596678,-1256.963,22.71281,3.631671,0.05716371,68.88415999999999,-0.1563127,-0.02779665,0.0007658535,-35001.05,-36.61072,21.2858,-0.2883128,643.8744,17.51503,-3.227466,-0.08246678,-29.38339,-0.0448989,0.03248909,-0.0001359997,-2.352453,0.7135493000000001,0.27595,0.0008108446,3.619265,-0.048364,-0.01365773,-3.563233e-05,-0.04310832,0.0004534845,0.0001378285,-4.612898e-07,462.0195,1.998571,-1.002861,-0.007071478,-19.59029,-0.07910475,0.05433167,0.0004518148,0.3181644,0.0007710226,-0.000602851,-1.861945e-06,-263.6186,-2.125118,0.8350064,0.009377919,13.99827,0.1205318,-0.04668562,-0.0005732306,-0.1896546,-0.0007672815,0.0005273641,4.059194e-06,1,1,1
